"Key UID","Key Descriptor","Key Vocabulary","Relationship Type","Related UID","Related Descriptor","Related Vocabulary"
"18543799","Accountants Act","_LegalActs","SN","","An Act relating to accountants.",""
"18543799","Accountants Act","_LegalActs","Source","","Singapore Statutes Online: Accountants Act (https://sso.agc.gov.sg/Act/AA2004) Retrieved 15 November 2021.",""
"18543798","Accounting and Corporate Regulatory Authority Act","_LegalActs","SN","","An Act to establish and incorporate the Accounting and Corporate Regulatory Authority (ACRA), to provide for its functions and powers, and related matters.",""
"18543798","Accounting and Corporate Regulatory Authority Act","_LegalActs","Source","","Singapore Statutes Online: Accounting and Corporate Regulatory Authority Act (https://sso.agc.gov.sg/Act/ACRAA2004) Retrieved 15 November 2021.",""
"18543803","Accounting Standards Act","_LegalActs","SN","","An Act to establish the Accounting Standards Council (ASC) to issue accounting standards applicable to companies and other incorporated and unincorporated bodies, and to statutory bodies with a public function and for related matters.",""
"18543803","Accounting Standards Act","_LegalActs","Source","","Singapore Statutes Online: Accounting Standards Act (https://sso.agc.gov.sg/Act/ASA2007) Retrieved 15 November 2021.",""
"18543804","Administration of Muslim Law Act","_LegalActs","SN","","An Act relating to Muslims and to make provision for regulating Muslim religious affairs and to constitute a council to advise on matters relating to the Muslim religion in Singapore and a Syariah Court",""
"18543804","Administration of Muslim Law Act","_LegalActs","Source","","Singapore Statutes Online: Administration of Muslim Law Act (https://sso.agc.gov.sg/Act/AMLA1966) Retrieved 15 November 2021.",""
"18543805","Adoption of Children Act","_LegalActs","SN","","An Act to make provision for the adoption of infants.",""
"18543805","Adoption of Children Act","_LegalActs","Source","","Singapore Statutes Online: Adoption of Children Act (https://sso.agc.gov.sg/Act/ACA1939) Retrieved 15 November 2021.",""
"18487142","Advance Medical Directive Act","_LegalActs","SN","","An Act passed in 1996 to provide for, and give legal effect to, advance directives to medical practitioners against artificial prolongation of the dying process and for matters connected therewith.",""
"18487142","Advance Medical Directive Act","_LegalActs","Source","","Singapore Statutes Online: Advance Medical Directive Act 1996 (https://sso.agc.gov.sg/Act/AMDA1996) Retrieved 8 Jan 2024.",""
"18543806","Agency for Science, Technology and Research Act","_LegalActs","SN","","An Act to establish the Agency for Science, Technology and Research (A*STAR) and for related matters",""
"18543806","Agency for Science, Technology and Research Act","_LegalActs","Source","","Singapore Statutes Online (http://statutes.agc.gov.sg)",""
"18543807","Agri-food and Veterinary Authority Act","_LegalActs","SN","","An Act to establish the Agri-food and Veterinary Authority (AVA), to provide for its functions and powers, and for related matters",""
"18543807","Agri-food and Veterinary Authority Act","_LegalActs","Source","","Singapore Statutes Online (http://statutes.agc.gov.sg)",""
"18487174","Air Navigation Act","_LegalActs","SN","","An Act passed in 1966 to provide for the control and regulation of aviation so as to maintain, enhance and promote safety and security in civil aviation, and to provide for the implementation of Singapore’s obligations under the Chicago Convention and any other international convention, agreement, or understanding relating to safety of civil aviation to which the Government is a party.",""
"18487174","Air Navigation Act","_LegalActs","Source","","Singapore Statutes Online: Air Navigation Act 1966 (https://sso.agc.gov.sg/Act/ANA1966) Retrieved 2 Jan 2024.",""
"18543808","Amusement Rides Safety Act","_LegalActs","SN","","An Act to make provision relating to the safety of amusement rides and related matters",""
"18543808","Amusement Rides Safety Act","_LegalActs","Source","","Singapore Statutes Online (http://statutes.agc.gov.sg)",""
"18543809","Animals and Birds Act","_LegalActs","SN","","An Act for preventing the introduction into, and the spreading within, Singapore of diseases of animals, birds or fish; for the control of the movement of animals, birds or fish into, within and from Singapore; for the prevention of cruelty to animals, birds or fish; for measures pertaining to the general welfare and improvement of animals, birds or fish in Singapore and for purposes incidental thereto",""
"18543809","Animals and Birds Act","_LegalActs","Source","","Singapore Statutes Online (http://statutes.agc.gov.sg)",""
"18543810","Application of English Law Act","_LegalActs","SN","","An Act to declare the extent to which English law is applicable in Singapore and for purposes connected therewith",""
"18543810","Application of English Law Act","_LegalActs","Source","","Singapore Statutes Online (http://statutes.agc.gov.sg)",""
"18543811","Apportionment Act","_LegalActs","SN","","An Act for the better apportionment of rents and other periodical payments.",""
"18543811","Apportionment Act","_LegalActs","Source","","Singapore Statutes Online (http://statutes.agc.gov.sg)",""
"18543812","Apportionment of Rents Act","_LegalActs","SN","","An Act to apportion rents under State leases and grants",""
"18543812","Apportionment of Rents Act","_LegalActs","Source","","Singapore Statutes Online (http://statutes.agc.gov.sg)",""
"18543813","Appraisers Act","_LegalActs","SN","","An Act to provide for the licensing of appraisers",""
"18543813","Appraisers Act","_LegalActs","Source","","Singapore Statutes Online (http://statutes.agc.gov.sg)",""
"18543815","Arbitration Act","_LegalActs","SN","","An Act to provide for the conduct of arbitration",""
"18543815","Arbitration Act","_LegalActs","Source","","Singapore Statutes Online (http://statutes.agc.gov.sg)",""
"18543814","Arbitration (International Investment Disputes) Act","_LegalActs","SN","","An Act to implement the International Convention on the Settlement of Investment Disputes between States and Nationals of other States",""
"18543814","Arbitration (International Investment Disputes) Act","_LegalActs","Source","","Singapore Statutes Online (http://statutes.agc.gov.sg)",""
"18543816","Architects Act","_LegalActs","SN","","An Act to establish the Board of Architects, to provide for the registration of architects, to regulate the qualifications and practice of architects and the supply of architectural services in Singapore by corporations, partnerships and limited liability partnerships",""
"18543816","Architects Act","_LegalActs","Source","","Singapore Statutes Online (http://statutes.agc.gov.sg)",""
"18543817","Arms and Explosives Act","_LegalActs","SN","","An Act to regulate the manufacture, use, sale, storage, transport, importation, exportation and possession of arms, explosives and explosive precursors, to give effect to the Convention on the Marking of Plastic Explosives for the Purpose of Detection concluded in Montreal on 1st March 1991 and for purposes connected therewith.",""
"18543817","Arms and Explosives Act","_LegalActs","Source","","Singapore Statutes Online (http://statutes.agc.gov.sg)",""
"18543818","Arms Offences Act","_LegalActs","SN","","An Act relating to the unlawful possession of arms and ammunition and the carrying and using of arms",""
"18543818","Arms Offences Act","_LegalActs","Source","","Singapore Statutes Online (http://statutes.agc.gov.sg)",""
"18543819","Asian Development Bank Act","_LegalActs","SN","","An Act to implement the International Agreement for the establishment and operation of the Asian Development Bank (ADB) and to enable Singapore to become a member thereof and for related matters",""
"18543819","Asian Development Bank Act","_LegalActs","Source","","Singapore Statutes Online (http://statutes.agc.gov.sg)",""
"18543820","Audit Act","_LegalActs","SN","","An Act to make provision for the audit of the accounts of Singapore and of other public authorities and bodies administering public funds and for related matters",""
"18543820","Audit Act","_LegalActs","Source","","Singapore Statutes Online (http://statutes.agc.gov.sg)",""
"18543821","Banishment Act","_LegalActs","SN","","An Act relating to banishment and expulsion from Singapore of persons other than citizens.",""
"18543821","Banishment Act","_LegalActs","Source","","Singapore Statutes Online (http://statutes.agc.gov.sg)",""
"18543822","Banking Act","_LegalActs","SN","","An Act to provide for the licensing and regulation of the business of banks and related financial institutions, and the credit card and charge card business of banks and other institutions, and matters related thereto.",""
"18543822","Banking Act","_LegalActs","Source","","Singapore Statutes Online (http://statutes.agc.gov.sg)",""
"18543823","Bankruptcy Act","_LegalActs","SN","","An Act relating to the law of bankruptcy and matters connected therewith.",""
"18543823","Bankruptcy Act","_LegalActs","Source","","Singapore Statutes Online (http://statutes.agc.gov.sg)",""
"18543824","Betting Act","_LegalActs","SN","","An Act to suppress common betting-houses, betting in public places and bookmaking.",""
"18543824","Betting Act","_LegalActs","Source","","Singapore Statutes Online (http://statutes.agc.gov.sg)",""
"18543825","Betting and Sweepstake Duties Act","_LegalActs","SN","","An Act relating to duties on betting and sweepstakes.",""
"18543825","Betting and Sweepstake Duties Act","_LegalActs","Source","","Singapore Statutes Online (http://statutes.agc.gov.sg)",""
"18543826","Bills of Exchange Act","_LegalActs","SN","","An Act relating to bills of exchange, cheques and promissory notes.",""
"18543826","Bills of Exchange Act","_LegalActs","Source","","Singapore Statutes Online (http://statutes.agc.gov.sg)",""
"18543827","Bills of Lading Act","_LegalActs","SN","","An Act to replace the Bills of Lading Act 1855 with new provision with respect to bills of lading and certain other shipping documents.",""
"18543827","Bills of Lading Act","_LegalActs","Source","","Singapore Statutes Online (http://statutes.agc.gov.sg)",""
"18543828","Bills of Sale Act","_LegalActs","SN","","An Act relating to bills of sale.",""
"18543828","Bills of Sale Act","_LegalActs","Source","","Singapore Statutes Online (http://statutes.agc.gov.sg)",""
"18487143","Biological Agents and Toxins Act","_LegalActs","SN","","Act introduced by the Ministry of Health (MOH) in 2005 to prohibit or otherwise regulate the possession, use, import, transhipment, transfer and transportation of biological agents, inactivated biological agents and toxins, to provide for safe practices in the handling of such biological agents and toxins.",""
"18487143","Biological Agents and Toxins Act","_LegalActs","Source","","Singapore Statutes Online: Biological Agents and Toxins Act 2005 (https://sso.agc.gov.sg/Act/BATA2005) Retrieved 8 Jan 2024.",""
"18543829","Bishop of Singapore Ordinance","_LegalActs","SN","","An Ordinance to incorporate the Titular Anglican Bishop of Singapore.",""
"18543829","Bishop of Singapore Ordinance","_LegalActs","Source","","Singapore Statutes Online (http://statutes.agc.gov.sg)",""
"18543830","Boundaries and Survey Maps Act","_LegalActs","SN","","An Act to provide for the demarcation of land, the establishment and maintenance of boundary marks and the publication of certain survey maps.",""
"18543830","Boundaries and Survey Maps Act","_LegalActs","Source","","Singapore Statutes Online (http://statutes.agc.gov.sg)",""
"18543831","Boy Scouts Association Act","_LegalActs","SN","","An Act to further and protect the activities and interests of the Boy Scouts Association.",""
"18543831","Boy Scouts Association Act","_LegalActs","Source","","Singapore Statutes Online (http://statutes.agc.gov.sg)",""
"18543832","Bretton Woods Agreements Act","_LegalActs","SN","","An Act to enable Singapore to become a member of the International Monetary Fund and of the International Bank for Reconstruction and Development by acceptance of the International Agreements for the establishment and operation of the Fund and the Bank.",""
"18543832","Bretton Woods Agreements Act","_LegalActs","Source","","Singapore Statutes Online (http://statutes.agc.gov.sg)",""
"18543833","Broadcasting Act","_LegalActs","SN","","An Act to regulate dealing in, the operation of and ownership in broadcasting services and broadcasting apparatus, and for matters connected therewith.",""
"18543833","Broadcasting Act","_LegalActs","Source","","Singapore Statutes Online (http://statutes.agc.gov.sg)",""
"18543834","Brothers of St. Gabriel Ordinance","_LegalActs","SN","","An Ordinance to incorporate the Titular Superior of the Congregation of the Brothers of Christian Instruction of St. Gabriel in the Colony of Singapore.",""
"18543834","Brothers of St. Gabriel Ordinance","_LegalActs","Source","","Singapore Statutes Online (http://statutes.agc.gov.sg)",""
"18543835","Building and Construction Authority Act","_LegalActs","SN","","An Act to establish the Building and Construction Authority, to provide for its functions and powers, and for matters connected therewith.",""
"18543835","Building and Construction Authority Act","_LegalActs","Source","","Singapore Statutes Online (http://statutes.agc.gov.sg)",""
"18543836","Building and Construction Industry Security of Payment Act","_LegalActs","SN","","An Act to facilitate payments for construction work done or for related goods or services supplied in the building and construction industry, and for matters connected therewith.",""
"18543836","Building and Construction Industry Security of Payment Act","_LegalActs","Source","","Singapore Statutes Online (http://statutes.agc.gov.sg)",""
"18543837","Building Control Act","_LegalActs","SN","","An Act to consolidate and amend and to make further provision concerning the law relating to buildings, and for matters connected therewith.",""
"18543837","Building Control Act","_LegalActs","Source","","Singapore Statutes Online (http://statutes.agc.gov.sg)",""
"18543838","Building Maintenance and Strata Management Act","_LegalActs","SN","","An Act to repeal and re-enact with amendments the Buildings and Common Property (Maintenance and Management) Act (Chapter 30 of the 2000 Revised Edition) so as to provide for proper maintenance and management of buildings, and to make consequential amendments to the Land Titles (Strata) Act (Chapter 158 of the 1999 Revised Edition) and certain other written laws.",""
"18543838","Building Maintenance and Strata Management Act","_LegalActs","Source","","Singapore Statutes Online (http://statutes.agc.gov.sg)",""
"18543839","Business Registration Act","_LegalActs","SN","","An Act to provide for the registration of persons carrying on business in Singapore and for matters incidental thereto.",""
"18543839","Business Registration Act","_LegalActs","Source","","Singapore Statutes Online (http://statutes.agc.gov.sg)",""
"18543840","Business Trusts Act","_LegalActs","SN","","An Act relating to the registration and regulation of business trusts and matters connected therewith.",""
"18543840","Business Trusts Act","_LegalActs","Source","","Singapore Statutes Online (http://statutes.agc.gov.sg)",""
"18487175","Carriage By Air Act 1988","_LegalActs","SN","","An Act to give effect to the provisions of the Warsaw Convention concerning international carriage by air and the Convention as amended by the Hague Protocol and the Montreal Protocol No. 4 and for purposes connected therewith.",""
"18487175","Carriage By Air Act 1988","_LegalActs","Source","","Singapore Statutes Online: Carriage by Air Act 1988 (https://sso.agc.gov.sg/Act/CAA1988) Retrieved 2 Jan 2024.",""
"18543841","Carriage by Air (Montreal Convention, 1999) Act","_LegalActs","SN","","An Act to give effect to the provisions of the Montreal Convention, 1999 concerning international carriage by air and for purposes connected therewith.",""
"18543841","Carriage by Air (Montreal Convention, 1999) Act","_LegalActs","Source","","Singapore Statutes Online (http://statutes.agc.gov.sg)",""
"18543842","Carriage of Goods by Sea Act","_LegalActs","SN","","An Act to make further provision with respect to the carriage of goods by sea.",""
"18543842","Carriage of Goods by Sea Act","_LegalActs","Source","","Singapore Statutes Online (http://statutes.agc.gov.sg)",""
"18543843","Casino Control Act","_LegalActs","SN","","An Act to make provision for the operation and regulation of casinos and gaming in casinos; to establish the Casino Regulatory Authority of Singapore, to provide for its functions and powers and for matters connected therewith.",""
"18543843","Casino Control Act","_LegalActs","Source","","Singapore Statutes Online (http://statutes.agc.gov.sg)",""
"18543843","Casino Control Act","_LegalActs","Wikidata URI","","http://www.wikidata.org/entity/Q111032491",""
"18543844","Cattle Act","_LegalActs","SN","","An Act to provide for the licensing of places used for the keeping of cattle, the control of the movement and transport of cattle and matters incidental thereto for the purpose of the preservation of public health.",""
"18543844","Cattle Act","_LegalActs","Source","","Singapore Statutes Online (http://statutes.agc.gov.sg)",""
"18543845","Census Act","_LegalActs","SN","","An Act relating to the taking of a census in Singapore from time to time.",""
"18543845","Census Act","_LegalActs","Source","","Singapore Statutes Online (http://statutes.agc.gov.sg)",""
"18543846","Central Provident Fund Act","_LegalActs","SN","","An Act to make provision for the establishment of the Central Provident Fund Board and a central provident fund.",""
"18543846","Central Provident Fund Act","_LegalActs","Source","","Singapore Statutes Online (http://statutes.agc.gov.sg)",""
"18543847","Central Sikh Gurdwara Board Act","_LegalActs","SN","","An Act to provide for the amalgamation of the Queen Street Gurdawara Board of Trustees (Incorporated) and the Silat Road Gurdwara Board of Trustees (Incorporated) into a single body corporate to be called the Central Sikh Gurdwara Board and for purposes connected therewith.",""
"18543847","Central Sikh Gurdwara Board Act","_LegalActs","Source","","Singapore Statutes Online (http://statutes.agc.gov.sg)",""
"18543848","Charities Act","_LegalActs","SN","","An Act to make provision for the registration of charities, the administration of charities and their affairs, the regulation of charities and institutions of a public character, the regulation of fund-raising activities carried on in connection with charities and other institutions and the conduct of fund-raising appeals, and for purposes connected therewith.",""
"18543848","Charities Act","_LegalActs","Source","","Singapore Statutes Online (http://statutes.agc.gov.sg)",""
"18543849","Chemical Weapons (Prohibition) Act","_LegalActs","SN","","An Act to give effect to the Convention on the Prohibition of the Development, Production, Stockpiling and Use of Chemical Weapons and on their Destruction concluded at Paris on 13th January 1993.",""
"18543849","Chemical Weapons (Prohibition) Act","_LegalActs","Source","","Singapore Statutes Online (http://statutes.agc.gov.sg)",""
"18543850","Child Care Centres Act","_LegalActs","SN","","An Act to provide for the control, licensing and inspection of child care centres and for purposes connected therewith.",""
"18543850","Child Care Centres Act","_LegalActs","Source","","Singapore Statutes Online (http://statutes.agc.gov.sg)",""
"18543851","Child Development Co-Savings Act","_LegalActs","SN","","An Act to encourage married persons in Singapore to have more children, to facilitate the provision of cash grants and the making of financial provision for the development of children, to enable financial provision to be made for children of parents who have been granted a divorce, a judicial separation or an annulment of marriage, and for matters connected therewith.",""
"18543851","Child Development Co-Savings Act","_LegalActs","Source","","Singapore Statutes Online (http://statutes.agc.gov.sg)",""
"18543852","Children and Young Persons Act","_LegalActs","SN","","An Act to provide for the welfare, care, protection and rehabilitation of children and young persons who are in need of such care, protection or rehabilitation, to regulate homes for children and young persons and to consolidate the law relating to children and young persons.",""
"18543852","Children and Young Persons Act","_LegalActs","Source","","Singapore Statutes Online (http://statutes.agc.gov.sg)",""
"18543853","Chit Funds Act","_LegalActs","SN","","An Act to provide for the licensing and regulation of chit funds.",""
"18543853","Chit Funds Act","_LegalActs","Source","","Singapore Statutes Online (http://statutes.agc.gov.sg)",""
"18543854","Christian Brothers’ Schools Visitor Ordinance","_LegalActs","SN","","An Ordinance to incorporate the Visitor in the Straits Settlements of the Christian Brothers’ Schools.",""
"18543854","Christian Brothers’ Schools Visitor Ordinance","_LegalActs","Source","","Singapore Statutes Online (http://statutes.agc.gov.sg)",""
"18543855","Cinematograph Film Hire Duty Act","_LegalActs","SN","","An Act to regulate the business of the hiring and renting of cinematograph films and to provide for the imposition of a film-hire duty on the renting of those films and the control of charges for admission to a cinema, theatre or other place where those films are exhibited and for matters incidental thereto.",""
"18543855","Cinematograph Film Hire Duty Act","_LegalActs","Source","","Singapore Statutes Online (http://statutes.agc.gov.sg)",""
"18543856","CISCO (Dissolution) Act","_LegalActs","SN","","An Act to corporatise the Commercial and Industrial Security Corporation by providing for the transfer of the assets, rights, liabilities, employees and undertaking of the Commercial and Industrial Security Corporation to its successor company, and for the consequent dissolution of the Commercial and Industrial Security Corporation and for all matters connected therewith.",""
"18543856","CISCO (Dissolution) Act","_LegalActs","Source","","Singapore Statutes Online (http://statutes.agc.gov.sg)",""
"18487176","Civil Aviation Authority of Singapore Act","_LegalActs","SN","","An Act to establish and incorporate the Civil Aviation Authority of Singapore, to provide for its functions, and for matters connected therewith.",""
"18487176","Civil Aviation Authority of Singapore Act","_LegalActs","Source","","Singapore Statutes Online: Civil Aviation Authority of Singapore Act 2009 (https://sso.agc.gov.sg/Act/CAASA2009?) Retrieved 2 Jan 2024.",""
"18543858","Civil Defence Act","_LegalActs","SN","","An Act to provide for the raising, maintenance and discipline of a civil defence force and for the exercise of the functions and powers of the Force during national emergencies, and for purposes connected therewith.",""
"18543858","Civil Defence Act","_LegalActs","Source","","Singapore Statutes Online (http://statutes.agc.gov.sg)",""
"18543859","Civil Defence Shelter Act","_LegalActs","SN","","An Act relating to the provision of civil defence shelters for use during a state of emergency and for matters connected therewith.",""
"18543859","Civil Defence Shelter Act","_LegalActs","Source","","Singapore Statutes Online (http://statutes.agc.gov.sg)",""
"18487144","Contact Lens Practitioners Act","_LegalActs","SN","","An Act to provide for the registration of contact lens practitioners and for purposes connected therewith.",""
"18487144","Contact Lens Practitioners Act","_LegalActs","Source","","Singapore Statutes Online: Contact Lens Practitioners Act (https://sso.agc.gov.sg/Act-Rev/CLPA1995/Published/20021231?) Retrieved 2 Jan 2024.",""
"18543860","Criminal Procedure Code","_LegalActs","SN","","An Act to repeal and re-enact with amendments the Criminal Procedure Code (Chapter 68 of the 1985 Revised Edition) and to make consequential and related amendments to certain other written laws.",""
"18543860","Criminal Procedure Code","_LegalActs","Source","","Singapore Statutes Online (http://statutes.agc.gov.sg)",""
"18543861","Currency Act","_LegalActs","SN","","An Act to establish the national currency of Singapore, and to provide for matters connected therewith.",""
"18543861","Currency Act","_LegalActs","Source","","Singapore Statutes Online (http://statutes.agc.gov.sg)",""
"18543862","Customs Act","_LegalActs","SN","","An Act relating to customs and excise.",""
"18543862","Customs Act","_LegalActs","Source","","Singapore Statutes Online (http://statutes.agc.gov.sg)",""
"18543863","Dangerous Fireworks Act","_LegalActs","SN","","An Act to prohibit the possession, sale, transport, delivery, distribution, import or discharge of dangerous fireworks.",""
"18543863","Dangerous Fireworks Act","_LegalActs","Source","","Singapore Statutes Online (http://statutes.agc.gov.sg)",""
"18543864","Daughters of Charity of the Canossian Institute Incorporation Ordinance","_LegalActs","SN","","An Ordinance to incorporate the Mother Superior of the Society of the Daughters of Charity of the Canossian Institute in the Colony of Singapore.",""
"18543864","Daughters of Charity of the Canossian Institute Incorporation Ordinance","_LegalActs","Source","","Singapore Statutes Online (http://statutes.agc.gov.sg)",""
"18543865","Debtors Act","_LegalActs","SN","","An Act relating to debtors and to provide penalties for fraudulent debtors.",""
"18543865","Debtors Act","_LegalActs","Source","","Singapore Statutes Online (http://statutes.agc.gov.sg)",""
"18543866","Decorations and Uniforms Act","_LegalActs","SN","","An Act to prevent the unauthorised use of or wearing of certain orders, decorations, medals, emblems and uniforms and for purposes connected therewith.",""
"18543866","Decorations and Uniforms Act","_LegalActs","Source","","Singapore Statutes Online (http://statutes.agc.gov.sg)",""
"18543867","Defamation Act","_LegalActs","SN","","An Act relating to libel and slander and other malicious falsehoods.",""
"18543867","Defamation Act","_LegalActs","Source","","Singapore Statutes Online (http://statutes.agc.gov.sg)",""
"18543868","Defence Science and Technology Agency Act","_LegalActs","SN","","An Act to establish the Defence Science and Technology Agency, to provide for its functions and powers, and for matters connected therewith.",""
"18543868","Defence Science and Technology Agency Act","_LegalActs","Source","","Singapore Statutes Online (http://statutes.agc.gov.sg)",""
"18487148","Dental Registration Act","_LegalActs","SN","","An Act to establish the Singapore Dental Council, to provide for the registration of dentists and oral health therapists and for matters connected therewith.",""
"18487148","Dental Registration Act","_LegalActs","Source","","Singapore Statutes Online: Dental Registration Act 1999 (https://sso.agc.gov.sg/Act/DRA1999?) Retrieved 2 Jan 2024.",""
"18487148","Dental Registration Act","_LegalActs","UF","18487149","Dentists Act","_LegalActs"
"18487149","Dentists Act","_LegalActs","Use","18487148","Dental Registration Act","_LegalActs"
"18543870","Departmental Titles (Alteration) Act","_LegalActs","SN","","An Act relating to departmental titles.",""
"18543870","Departmental Titles (Alteration) Act","_LegalActs","Source","","Singapore Statutes Online (http://statutes.agc.gov.sg)",""
"18543871","Deposit Insurance and Policy Owners’ Protection Schemes Act","_LegalActs","SN","","An Act to reconstitute the Deposit Insurance Scheme for the purpose of providing limited compensation to insured depositors under certain circumstances, to establish a Policy Owners’ Protection Scheme for the purpose of compensating (in part or whole) or otherwise assisting or protecting insured policy owners and beneficiaries under certain circumstances, to repeal the Deposit Insurance Act (Chapter 77A of the 2006 Revised Edition), to make consequential amendments to certain other written laws, and for matters connected therewith.",""
"18543871","Deposit Insurance and Policy Owners’ Protection Schemes Act","_LegalActs","Source","","Singapore Statutes Online (http://statutes.agc.gov.sg)",""
"18543872","Destitute Persons Act","_LegalActs","SN","","An Act to repeal and re-enact with amendments the Destitute Persons Act (Chapter 78 of the 1985 Revised Edition) and to provide for matters connected therewith.",""
"18543872","Destitute Persons Act","_LegalActs","Source","","Singapore Statutes Online (http://statutes.agc.gov.sg)",""
"18543873","Development Fund Act","_LegalActs","SN","","An Act to define the purposes of and to regulate the Development Fund and to provide for the payment into the Development Fund of sums raised under any Loan Act.",""
"18543873","Development Fund Act","_LegalActs","Source","","Singapore Statutes Online (http://statutes.agc.gov.sg)",""
"18543874","Development Loan (1987) Act","_LegalActs","SN","","An Act to authorise a sum of $35,000 million to be raised by way of loan for the purposes of the Development Fund.",""
"18543874","Development Loan (1987) Act","_LegalActs","Source","","Singapore Statutes Online (http://statutes.agc.gov.sg)",""
"18543875","Development Loan Act","_LegalActs","SN","","An Act to authorise a sum of $15,000 million to be raised by way of loan for the purposes of the Development Fund.",""
"18543875","Development Loan Act","_LegalActs","Source","","Singapore Statutes Online (http://statutes.agc.gov.sg)",""
"18543876","Developmental Investment Fund Act","_LegalActs","SN","","An Act to establish a Developmental Investment Fund and to define its purposes, to authorise the raising of loans for the Developmental Investment Fund and for matters connected therewith.",""
"18543876","Developmental Investment Fund Act","_LegalActs","Source","","Singapore Statutes Online (http://statutes.agc.gov.sg)",""
"18543877","Diplomatic and Consular Officers (Oaths and Fees) Act","_LegalActs","SN","","An Act to provide for the administration of oaths and the levy of fees by diplomatic and consular officers.",""
"18543877","Diplomatic and Consular Officers (Oaths and Fees) Act","_LegalActs","Source","","Singapore Statutes Online (http://statutes.agc.gov.sg)",""
"18543878","Diplomatic and Consular Relations Act","_LegalActs","SN","","An Act relating to diplomatic and consular privileges and immunities, and for other purposes.",""
"18543878","Diplomatic and Consular Relations Act","_LegalActs","Source","","Singapore Statutes Online (http://statutes.agc.gov.sg)",""
"18543879","Distress Act","_LegalActs","SN","","An Act relating to distress for rent.",""
"18543879","Distress Act","_LegalActs","Source","","Singapore Statutes Online (http://statutes.agc.gov.sg)",""
"18543880","District Cooling Act","_LegalActs","SN","","An Act to license and regulate the provision of district cooling services in service areas.",""
"18543880","District Cooling Act","_LegalActs","Source","","Singapore Statutes Online (http://statutes.agc.gov.sg)",""
"18543881","District Grand Master of the Eastern Archipelago Ordinance","_LegalActs","SN","","An Ordinance to incorporate the titular District Grand Master of the Eastern Archipelago.",""
"18543881","District Grand Master of the Eastern Archipelago Ordinance","_LegalActs","Source","","Singapore Statutes Online (http://statutes.agc.gov.sg)",""
"18543882","Economic Development Board Act","_LegalActs","SN","","An Act to establish the Economic Development Board.",""
"18543882","Economic Development Board Act","_LegalActs","Source","","Singapore Statutes Online (http://statutes.agc.gov.sg)",""
"18543883","Economic Expansion Incentives (Relief from Income Tax) Act","_LegalActs","SN","","An Act relating to incentives for the establishment of pioneer industries and for economic expansion generally, by way of providing relief from income tax.",""
"18543883","Economic Expansion Incentives (Relief from Income Tax) Act","_LegalActs","Source","","Singapore Statutes Online (http://statutes.agc.gov.sg)",""
"18543884","Education Act","_LegalActs","SN","","An Act relating to education and registration of schools.",""
"18543884","Education Act","_LegalActs","Source","","Singapore Statutes Online (http://statutes.agc.gov.sg)",""
"18543885","Education Endowment and Savings Schemes Act","_LegalActs","SN","","An Act to establish an education endowment scheme and a scheme to promote savings for post-secondary education, and for matters connected therewith.",""
"18543885","Education Endowment and Savings Schemes Act","_LegalActs","Source","","Singapore Statutes Online (http://statutes.agc.gov.sg)",""
"18543886","Education Service Incentive Payment Act","_LegalActs","SN","","An Act to establish a scheme known as the CONNECT Plan to encourage long service by teachers under the control or management of the Government and the CONNECT Fund for the purpose of that Plan and for matters connected therewith.",""
"18543886","Education Service Incentive Payment Act","_LegalActs","Source","","Singapore Statutes Online (http://statutes.agc.gov.sg)",""
"18543887","Electricity Act","_LegalActs","SN","","An Act to create a competitive market framework for the electricity industry, to make provision for the safety, technical and economic regulation of the generation, transmission, supply and use of electricity, and for other matters connected therewith, to repeal the Electrical Workers and Contractors Licensing Act (Chapter 89 of the 1985 Revised Edition), and to make consequential amendments to certain written laws.",""
"18543887","Electricity Act","_LegalActs","Source","","Singapore Statutes Online (http://statutes.agc.gov.sg)",""
"18500820","Electronic Transaction Act","_LegalActs","SN","","A law that addresses issues that arise in the context of electronic contracts and digital signatures.",""
"18500820","Electronic Transaction Act","_LegalActs","Source","","http://www.ida.gov.sg/Policies%20and%20Regulation/20060420164343.aspx",""
"18500820","Electronic Transaction Act","_LegalActs","UF","18500821","ETA","_LegalActs"
"18543888","Electronic Transactions Act","_LegalActs","SN","","An Act to provide for the security and use of electronic transactions, to implement the United Nations Convention on the Use of Electronic Communications in International Contracts adopted by the General Assembly of the United Nations on 23rd November 2005 and to provide for matters connected therewith.",""
"18543888","Electronic Transactions Act","_LegalActs","Source","","Singapore Statutes Online (http://statutes.agc.gov.sg)",""
"18543889","Emergency (Essential Powers) Act","_LegalActs","SN","","An Act to confer certain powers on the President which it is expedient that he should be enabled to exercise in the emergency proclaimed on 3rd September 1964 under Article 150 of the Constitution of Malaysia.",""
"18543889","Emergency (Essential Powers) Act","_LegalActs","Source","","Singapore Statutes Online (http://statutes.agc.gov.sg)",""
"18543890","Employment Act","_LegalActs","SN","","An Act relating to employment that came into effect on 15 August 1968.",""
"18543890","Employment Act","_LegalActs","Source","","Singapore Statutes Online: Employment Act 1968 (https://sso.agc.gov.sg/Act/EmA1968) | Singapore Infopedia: Landmark Employment Act (https://eresources.nlb.gov.sg/infopedia/articles/SIP_2014-04-10_152216.html) Retrieved 2 March 2022",""
"18543890","Employment Act","_LegalActs","Wikidata URI","","http://www.wikidata.org/entity/Q111032562",""
"18543891","Employment Agencies Act","_LegalActs","SN","","An Act to provide for the regulation of employment agencies.",""
"18543891","Employment Agencies Act","_LegalActs","Source","","Singapore Statutes Online (http://statutes.agc.gov.sg)",""
"18543892","Employment of Foreign Manpower Act","_LegalActs","SN","","An Act relating to the employment of foreign manpower.",""
"18543892","Employment of Foreign Manpower Act","_LegalActs","Source","","Singapore Statutes Online (http://statutes.agc.gov.sg)",""
"18543893","Endangered Species (Import and Export) Act","_LegalActs","SN","","An Act to give effect to the Convention on International Trade in Endangered Species of Wild Fauna and Flora by controlling the importation, exportation, re-exportation and introduction from the sea of certain animals and plants, and parts and derivatives of such animals and plants, and for matters connected therewith.",""
"18543893","Endangered Species (Import and Export) Act","_LegalActs","Source","","Singapore Statutes Online (http://statutes.agc.gov.sg)",""
"18543894","Energy Conservation Act","_LegalActs","SN","","An Act to mandate energy efficiency requirements and energy management practices to promote energy conservation, improve energy efficiency and reduce environmental impact, and to make consequential and related amendments to certain other written laws.",""
"18543894","Energy Conservation Act","_LegalActs","Source","","Singapore Statutes Online (http://statutes.agc.gov.sg)",""
"18543895","Energy Market Authority of Singapore Act","_LegalActs","SN","","An Act to establish and incorporate the Energy Market Authority of Singapore, to provide for its functions and powers, and for matters connected therewith.",""
"18543895","Energy Market Authority of Singapore Act","_LegalActs","Source","","Singapore Statutes Online (http://statutes.agc.gov.sg)",""
"18543896","Enlistment Act","_LegalActs","SN","","An Act to provide for enlistment of persons in the armed forces of Singapore.",""
"18543896","Enlistment Act","_LegalActs","Source","","Singapore Statutes Online (http://statutes.agc.gov.sg)",""
"18543897","Entertainments Duty Act","_LegalActs","SN","","An Act to impose a duty in respect of admission to entertainments.",""
"18543897","Entertainments Duty Act","_LegalActs","Source","","Singapore Statutes Online (http://statutes.agc.gov.sg)",""
"18543898","Environmental Protection and Management Act","_LegalActs","SN","","An Act to consolidate the laws relating to environmental pollution control, to provide for the protection and management of the environment and resource conservation, and for purposes connected therewith.",""
"18543898","Environmental Protection and Management Act","_LegalActs","Source","","Singapore Statutes Online (http://statutes.agc.gov.sg)",""
"18543899","Environmental Public Health Act","_LegalActs","SN","","An Act to consolidate the law relating to environmental public health and to provide for matters connected therewith.",""
"18543899","Environmental Public Health Act","_LegalActs","Source","","Singapore Statutes Online (http://statutes.agc.gov.sg)",""
"18543899","Environmental Public Health Act","_LegalActs","Wikidata URI","","http://www.wikidata.org/entity/Q111032524",""
"18543900","Estate Agents Act","_LegalActs","SN","","An Act to establish an enhanced framework for the regulation of real estate agents and their salespersons and to form a Council for Estate Agencies.",""
"18543900","Estate Agents Act","_LegalActs","Source","","Singapore Statutes Online (http://statutes.agc.gov.sg)",""
"18543901","Estate Duty (Abolition) Act","_LegalActs","SN","","An Act to amend the Estate Duty Act (Chapter 96 of the 2005 Revised Edition) to provide for the abolition of estate duty.",""
"18543901","Estate Duty (Abolition) Act","_LegalActs","Source","","Singapore Statutes Online (http://statutes.agc.gov.sg)",""
"18543902","Estate Duty Act","_LegalActs","SN","","An Act to provide for the levy of estate duty payable in respect of the estates of deceased persons.",""
"18543902","Estate Duty Act","_LegalActs","Source","","Singapore Statutes Online (http://statutes.agc.gov.sg)",""
"18500821","ETA","_LegalActs","Use","18500820","Electronic Transaction Act","_LegalActs"
"18543904","Evidence Act","_LegalActs","SN","","An Act relating to the law of evidence.",""
"18543904","Evidence Act","_LegalActs","Source","","Singapore Statutes Online (http://statutes.agc.gov.sg)",""
"18543903","Evidence (Civil Proceedings in Other Jurisdictions) Act","_LegalActs","SN","","An Act to make new provision for enabling the High Court to assist in obtaining evidence required for the purposes of civil proceedings in other jurisdictions and for matters connected therewith.",""
"18543903","Evidence (Civil Proceedings in Other Jurisdictions) Act","_LegalActs","Source","","Singapore Statutes Online (http://statutes.agc.gov.sg)",""
"18543905","Exchange Control Act","_LegalActs","SN","","An Act to confer powers, and impose duties and restrictions, in relation to gold, currency, payments, securities, debts, and the import, export, transfer and settlement of property, and for purposes connected with those matters.",""
"18543905","Exchange Control Act","_LegalActs","Source","","Singapore Statutes Online (http://statutes.agc.gov.sg)",""
"18543906","Exchanges (Demutualisation and Merger) Act","_LegalActs","SN","","An Act to provide for the demutualisation and merger of the Stock Exchange of Singapore Limited, the Singapore International Monetary Exchange Limited and the Securities Clearing and Computer Services (Pte) Limited by making these companies wholly-owned subsidiaries of a transferee holding company.",""
"18543906","Exchanges (Demutualisation and Merger) Act","_LegalActs","Source","","Singapore Statutes Online (http://statutes.agc.gov.sg)",""
"18543907","Executive Condominium Housing Scheme Act","_LegalActs","SN","","An Act to establish the executive condominium housing scheme, and to provide for matters connected therewith.",""
"18543907","Executive Condominium Housing Scheme Act","_LegalActs","Source","","Singapore Statutes Online (http://statutes.agc.gov.sg)",""
"18543908","Explosive Substances Act","_LegalActs","SN","","An Act relating to explosive substances.",""
"18543908","Explosive Substances Act","_LegalActs","Source","","Singapore Statutes Online (http://statutes.agc.gov.sg)",""
"18543909","External Loans Act","_LegalActs","SN","","An Act to authorise the raising of loans outside Singapore, to provide sums required for the purposes of the Development Fund or for the repayment or amortisation of external loans, and to make general provision with respect to external loans.",""
"18543909","External Loans Act","_LegalActs","Source","","Singapore Statutes Online (http://statutes.agc.gov.sg)",""
"18543910","Extradition Act","_LegalActs","SN","","An Act to provide for the extradition of fugitives to and from Commonwealth countries and foreign States and for matters connected therewith.",""
"18543910","Extradition Act","_LegalActs","Source","","Singapore Statutes Online (http://statutes.agc.gov.sg)",""
"18543911","Factors Act","_LegalActs","SN","","An Act to amend and consolidate the Factors Acts.",""
"18543911","Factors Act","_LegalActs","Source","","Singapore Statutes Online (http://statutes.agc.gov.sg)",""
"18543912","Federal Lands Commissioner, Malaysia (Incorporation) Act","_LegalActs","SN","","An Act to incorporate the Federal Lands Commissioner, Malaysia, and vest in that Corporation the properties previously vested in the Chief Secretary, Federation of Malaya.",""
"18543912","Federal Lands Commissioner, Malaysia (Incorporation) Act","_LegalActs","Source","","Singapore Statutes Online (http://statutes.agc.gov.sg)",""
"18543913","Feeding Stuffs Act","_LegalActs","SN","","An Act to provide for the control of feeding stuffs for animals and birds.",""
"18543913","Feeding Stuffs Act","_LegalActs","Source","","Singapore Statutes Online (http://statutes.agc.gov.sg)",""
"18543914","Fees Act","_LegalActs","SN","","An Act to provide for the levy of fees and payments for licences.",""
"18543914","Fees Act","_LegalActs","Source","","Singapore Statutes Online (http://statutes.agc.gov.sg)",""
"18543915","Films Act","_LegalActs","SN","","An Act relating to the possession, importation, making, distribution and exhibition of films.",""
"18543915","Films Act","_LegalActs","Source","","Singapore Statutes Online (http://statutes.agc.gov.sg)",""
"18543916","Final Supply (FY 2001) Act","_LegalActs","SN","","An Act to provide for making final provision to meet additional expenditure for the financial year 1st April 2001 to 31st March 2002.",""
"18543916","Final Supply (FY 2001) Act","_LegalActs","Source","","Singapore Statutes Online (http://statutes.agc.gov.sg)",""
"18543917","Finance Companies Act","_LegalActs","SN","","An Act to license and control finance companies and for matters connected therewith.",""
"18543917","Finance Companies Act","_LegalActs","Source","","Singapore Statutes Online (http://statutes.agc.gov.sg)",""
"18543918","Financial Advisers Act","_LegalActs","SN","","An Act to regulate financial advisers and their representatives, and for other purposes relating thereto or connected therewith.",""
"18543918","Financial Advisers Act","_LegalActs","Source","","Singapore Statutes Online (http://statutes.agc.gov.sg)",""
"18543919","Financial Procedure Act","_LegalActs","SN","","An Act to provide for the control and management of the public finances of Singapore, and for financial and accounting procedure, including procedure for the collection, custody and payment of the public moneys of Singapore, and the purchase, custody and disposal of public property of Singapore and for matters connected therewith.",""
"18543919","Financial Procedure Act","_LegalActs","Source","","Singapore Statutes Online (http://statutes.agc.gov.sg)",""
"18543920","Fire Safety Act","_LegalActs","SN","","An Act to make provisions for fire safety and for matters connected therewith.",""
"18543920","Fire Safety Act","_LegalActs","Source","","Singapore Statutes Online (http://statutes.agc.gov.sg)",""
"18543921","Fisheries Act","_LegalActs","SN","","An Act for the protection and conservation of fisheries, and to make provision for the control of fishing, the control of the marketing and distribution of fish and the use and control of fishing ports and harbours, for measures pertaining to the general welfare and improvement of the fishing industry in Singapore and for purposes incidental thereto.",""
"18543921","Fisheries Act","_LegalActs","Source","","Singapore Statutes Online (http://statutes.agc.gov.sg)",""
"18543922","Foreign Limitation Periods Act","_LegalActs","SN","","An Act to provide for any law relating to the limitation of actions to be treated, for the purposes of cases in which effect is given to foreign law or to determinations by foreign courts, as a matter of substance rather than as a matter of procedure, and to make consequential amendments to certain other written laws.",""
"18543922","Foreign Limitation Periods Act","_LegalActs","Source","","Singapore Statutes Online (http://statutes.agc.gov.sg)",""
"18543923","Foreign Recruiting Act","_LegalActs","SN","","An Act to control recruiting in Singapore for the service of foreign States.",""
"18543923","Foreign Recruiting Act","_LegalActs","Source","","Singapore Statutes Online (http://statutes.agc.gov.sg)",""
"18543924","Foreshores Act","_LegalActs","SN","","An Act to provide for reclamations and to validate and facilitate leases or grants of foreshores and submerged lands.",""
"18543924","Foreshores Act","_LegalActs","Source","","Singapore Statutes Online (http://statutes.agc.gov.sg)",""
"18543925","Franciscan Missionaries of the Divine Motherhood Ordinance","_LegalActs","SN","","An Ordinance to incorporate the Reverend Mother Superior of the Franciscan Missionaries of the Divine Motherhood in Malaya.",""
"18543925","Franciscan Missionaries of the Divine Motherhood Ordinance","_LegalActs","Source","","Singapore Statutes Online (http://statutes.agc.gov.sg)",""
"18543926","Free Trade Zones Act","_LegalActs","SN","","An Act to provide for the establishment of free trade zones in Singapore and for matters incidental thereto.",""
"18543926","Free Trade Zones Act","_LegalActs","Source","","Singapore Statutes Online (http://statutes.agc.gov.sg)",""
"18543927","Frustrated Contracts Act","_LegalActs","SN","","An Act relating to the frustration of contracts.",""
"18543927","Frustrated Contracts Act","_LegalActs","Source","","Singapore Statutes Online (http://statutes.agc.gov.sg)",""
"18543928","Gas Act","_LegalActs","SN","","An Act to create a competitive market framework for the gas industry, to make provision for the safety, technical and economic regulation of the transportation and retail of gas, and for other matters connected therewith, and to make consequential amendments to certain written laws.",""
"18543928","Gas Act","_LegalActs","Source","","Singapore Statutes Online (http://statutes.agc.gov.sg)",""
"18487150","Geneva Conventions Act","_LegalActs","SN","","An Act to enable effect to be given to certain international Conventions relative to the amelioration of the condition of the wounded and sick in armed forces in the field, the amelioration of the condition of wounded, sick and shipwrecked members of armed forces at sea, the treatment of prisoners of war, and the protection of civilian persons in time of war, and for purposes connected therewith.",""
"18487150","Geneva Conventions Act","_LegalActs","Source","","Singapore Statutes Online: Geneva Conventions Act 1973 (https://sso.agc.gov.sg/Act/GCA1973?) Retrieved 2 Jan 2024.",""
"18543930","Geographical Indications Act","_LegalActs","SN","","An Act to provide for the protection of geographical indications in relation to goods.",""
"18543930","Geographical Indications Act","_LegalActs","Source","","Singapore Statutes Online (http://statutes.agc.gov.sg)",""
"18543931","Good Shepherd Nuns Ordinance","_LegalActs","SN","","An Ordinance to incorporate the Reverend Mother Superior of the Good Shepherd Nuns in Malaya.",""
"18543931","Good Shepherd Nuns Ordinance","_LegalActs","Source","","Singapore Statutes Online (http://statutes.agc.gov.sg)",""
"18543932","Goods and Services Tax Act","_LegalActs","SN","","An Act to provide for the imposition and collection of goods and services tax and for matters connected therewith.",""
"18543932","Goods and Services Tax Act","_LegalActs","Source","","Singapore Statutes Online (http://statutes.agc.gov.sg)",""
"18543933","Government Contracts Act","_LegalActs","SN","","An Act to provide for the making of contracts on behalf of the Government and for matters connected therewith.",""
"18543933","Government Contracts Act","_LegalActs","Source","","Singapore Statutes Online (http://statutes.agc.gov.sg)",""
"18543934","Government Proceedings Act","_LegalActs","SN","","An Act to make provision for proceedings by and against the Government.",""
"18543934","Government Proceedings Act","_LegalActs","Source","","Singapore Statutes Online (http://statutes.agc.gov.sg)",""
"18543935","Government Procurement Act","_LegalActs","SN","","An Act to give effect to the Agreement on Government Procurement and other international obligations of Singapore relating to procurements by the Government and public authorities, and for purposes connected therewith.",""
"18543935","Government Procurement Act","_LegalActs","Source","","Singapore Statutes Online (http://statutes.agc.gov.sg)",""
"18543936","Government Securities Act","_LegalActs","SN","","An Act to establish and regulate the Government Securities Fund and to provide for the borrowing of moneys by the issue of Government securities in Singapore.",""
"18543936","Government Securities Act","_LegalActs","Source","","Singapore Statutes Online (http://statutes.agc.gov.sg)",""
"18543937","Guardianship of Infants Act","_LegalActs","SN","","An Act relating to the guardianship of infants.",""
"18543937","Guardianship of Infants Act","_LegalActs","Source","","Singapore Statutes Online (http://statutes.agc.gov.sg)",""
"18487151","Health Products Act","_LegalActs","SN","","An Act to regulate the manufacture, import, supply, presentation and advertisement of health products and of active ingredients used in the manufacture of health products and provide for matters connected therewith.",""
"18487151","Health Products Act","_LegalActs","Source","","Singapore Statutes Online: Health Products Act 2007 (https://sso.agc.gov.sg/Act/HPA2007?) Retrieved 2 Jan 2024.",""
"18487152","Health Promotion Board Act","_LegalActs","SN","","An Act to establish the Health Promotion Board, to provide for its functions and powers, and for matters connected therewith.",""
"18487152","Health Promotion Board Act","_LegalActs","Source","","Singapore Statutes Online: Health Promotion Board Act 2001 (https://sso.agc.gov.sg/Act/HPBA2001?) Retrieved 2 Jan 2024.",""
"18487153","Health Sciences Authority Act","_LegalActs","SN","","An Act to establish the Health Sciences Authority, to provide for its functions and powers, and for matters connected therewith.",""
"18487153","Health Sciences Authority Act","_LegalActs","Source","","Singapore Statutes Online: Health Sciences Authority Act 2001 (https://sso.agc.gov.sg/Act/HSAA2001?) Retrieved 2 Jan 2024.",""
"18487177","Hijacking and Protection of Aircraft Act","_LegalActs","SN","","An Act to give effect to the Convention for the Suppression of Unlawful Seizure of Aircraft signed at The Hague on 16 December 1970, the Convention for the Suppression of Unlawful Acts against the Safety of Civil Aviation signed at Montreal on 23 September 1971, the Protocol for the Suppression of Unlawful Acts of Violence at Airports Serving International Civil Aviation signed at Montreal on 24 February 1988, the Convention on the Suppression of Unlawful Acts relating to International Civil Aviation signed at Beijing on 10 September 2010 and the Protocol Supplementary to the Convention for the Suppression of Unlawful Seizure of Aircraft signed at Beijing on 10 September 2010, and for purposes connected therewith.",""
"18487177","Hijacking and Protection of Aircraft Act","_LegalActs","Source","","Singapore Statutes Online: Hijacking of Aircraft and Protection of Aircraft and International Airports Act 1978 (https://sso.agc.gov.sg/Act/HAPAIAA1978?) Retrieved 2 Jan 2024.",""
"18487154","Human Cloning and Other Prohibited Practices Act","_LegalActs","SN","","An Act to prohibit the placing of a human embryo clone in the body of a human or an animal and certain other practices associated with reproductive technology.",""
"18487154","Human Cloning and Other Prohibited Practices Act","_LegalActs","Source","","Singapore Statutes Online: Human Cloning and Other Prohibited Practices Act (https://sso.agc.gov.sg/Act-Rev/HCOPPA2004/Published/20050731?) Retrieved 2 Jan 2024.",""
"18487155","Human Organ Transplant Act","_LegalActs","SN","","An Act to make provision for the removal of organs for transplantation, for the prohibition of trading in organs and blood, and for purposes connected therewith.",""
"18487155","Human Organ Transplant Act","_LegalActs","Source","","Singapore Statutes Online: Human Organ Transplant Act (https://sso.agc.gov.sg/Act-Rev/HOTA1987/Published/20050731?) Retrieved 2 Jan 2024.",""
"18487155","Human Organ Transplant Act","_LegalActs","Wikidata URI","","http://www.wikidata.org/entity/Q111032549",""
"18487156","Infectious Diseases Act","_LegalActs","SN","","An Act relating to quarantine and the prevention of infectious diseases.",""
"18487156","Infectious Diseases Act","_LegalActs","Source","","Singapore Statutes Online: Infectious Diseases Act 1976 (https://sso.agc.gov.sg/Act/IDA1976) Retrieved 2 Jan 2024.",""
"18487189","Johor River Water Agreement","_LegalActs","SN","","Signed on 29 September 1962 between the Singapore city council and the Johor state government. Valid for 99 years up till 2061, it gave Singapore the full and exclusive right to draw water from Johor River up to a maximum of 250 million gallons per day (mgd) (1.14 million cubic metres a day). In return, Johor was entitled to a daily supply of treated water from Singapore up to 2% of the raw water it supplied.",""
"18487189","Johor River Water Agreement","_LegalActs","Source","","Singapore Infopedia: Singapore-Malaysia water agreements (https://www.nlb.gov.sg/main/article-detail?cmsuuid=6b60db0e-95f5-4656-95e1-b1081ff83044) Retrieved 2 Jan 2024.",""
"18487178","Land Transport Authority of Singapore Act","_LegalActs","SN","","An Act to establish and incorporate the Land Transport Authority of Singapore, to provide for its functions and powers, and for matters connected therewith.",""
"18487178","Land Transport Authority of Singapore Act","_LegalActs","Source","","Singapore Statutes Online: Land Transport Authority of Singapore Act 1995 (https://sso.agc.gov.sg/Act/LTASA1995?ValidDate=20240101) Retrieved 2 Jan 2024.",""
"18487179","Maritime and Port Authority of Singapore Act","_LegalActs","SN","","An Act to establish and incorporate the Maritime and Port Authority of Singapore, to provide for its functions and powers, and for matters connected therewith.",""
"18487179","Maritime and Port Authority of Singapore Act","_LegalActs","Source","","Singapore Statutes Online: Maritime and Port Authority of Singapore Act (https://sso.agc.gov.sg/Act/MPASA1996?) Retrieved 2 Jan 2024.",""
"18487157","Medical and Elderly Care Endowment Schemes Act","_LegalActs","SN","","An Act to reconstitute the Medical Endowment Fund and to establish the ElderCare Fund for the purpose of endowment schemes providing financial assistance in connection with medical and healthcare in Singapore and for matters connected therewith.",""
"18487157","Medical and Elderly Care Endowment Schemes Act","_LegalActs","Source","","Singapore Statutes Online: Medical and Elderly Care Endowment Schemes Act 2000 (https://sso.agc.gov.sg/Act/MECESA2000?) Retrieved 2 Jan 2024.",""
"18487158","Medical Registration Act","_LegalActs","SN","","An Act to provide for the registration of medical practitioners and for matters connected therewith.",""
"18487158","Medical Registration Act","_LegalActs","Source","","Singapore Statutes Online: Medical Registration Act 1997 (https://sso.agc.gov.sg/Act/MRA1997) Retrieved 2 Jan 2024.",""
"18487159","Medical Therapy, Education and Research Act","_LegalActs","SN","","An Act to make provision for the use of the bodies of deceased persons or parts thereof for purposes of medical or dental education, research, advancement of medical or dental science, therapy and transplantation, and for other purposes connected therewith.",""
"18487159","Medical Therapy, Education and Research Act","_LegalActs","Source","","Singapore Statutes Online: Medical (Therapy, Education and Research) Act 1972 (https://sso.agc.gov.sg/Act/MTERA1972?) Retrieved 2 Jan 2024.",""
"18487160","Medicines Act","_LegalActs","SN","","An Act to make provisions with respect to medicinal products and medical advertisements and matters connected therewith; and to make consequential amendments to the Poisons Act 1938.",""
"18487160","Medicines Act","_LegalActs","Source","","Singapore Statutes Online: Medicines Act 1975 (https://sso.agc.gov.sg/Act/MA1975?) Retrieved 2 Jan 2024.",""
"18487161","Medicines Advertisement and Sale Act","_LegalActs","SN","","An Act to prohibit certain advertisements relating to medical matters and to regulate the sale of substances recommended as a medicine.",""
"18487161","Medicines Advertisement and Sale Act","_LegalActs","Source","","Singapore Statutes Online: Medicines (Advertisement and Sale) Act 1955 (https://sso.agc.gov.sg/Act/MASA1955?) Retrieved 2 Jan 2024.",""
"18487162","Mental Disorders and Treatment Act","_LegalActs","SN","","An Act to regulate proceedings in cases of mental disorder, and to provide for the reception and detention of persons of unsound mind in approved hospitals. This Act has been repealed by Act 21 of 2008 with effect from 01/03/2010.",""
"18487162","Mental Disorders and Treatment Act","_LegalActs","Source","","Singapore Statutes Online: Mental Disorders and Treatment Act (Repealed) (https://sso.agc.gov.sg/Act/MDTA1952/Repealed/20100301?) Retrieved 2 Jan 2024.",""
"19990510","Mental Health Care and Treatment Act","_LegalActs","SN","","An Act to provide for the admission, detention, care and treatment of mentally disordered persons in designated psychiatric institutions.",""
"19990510","Mental Health Care and Treatment Act","_LegalActs","Source","","Singapore Statutes Online: Mental Health (Care and Treatment) Act 2008 (https://sso.agc.gov.sg/Act/MHCTA2008?) Retrieved 2 Jan 2024.",""
"19990510","Mental Health Care and Treatment Act","_LegalActs","Wikidata URI","","http://www.wikidata.org/entity/Q16951554",""
"18487180","Merchant Shipping Civil Liability and Compensation for Oil Pollution Act","_LegalActs","SN","","An Act to give effect to the International Convention on Civil Liability for Oil Pollution Damage 1992 and to the International Convention on the Establishment of an International Fund for Compensation for Oil Pollution Damage 1992, to repeal the Merchant Shipping (Oil Pollution) Act (Cap. 180 of the 1985 Revised Edition) and to make consequential amendments to other written law, and to make provisions generally for matters connected therewith.",""
"18487180","Merchant Shipping Civil Liability and Compensation for Oil Pollution Act","_LegalActs","Source","","Singapore Statutes Online: Merchant Shipping (Civil Liability and Compensation for Oil Pollution) Bill (https://sso.agc.gov.sg/Bills-Supp/30-1998/Published/19980630?) Retrieved 2 Jan 2024.",""
"18487181","Motor Vehicles Third Party Risks and Compensation Act","_LegalActs","SN","","An Act to provide against third-party risks arising out of the use of motor vehicles and for the payment of compensation in respect of death or bodily injury arising out of the use of motor vehicles.",""
"18487181","Motor Vehicles Third Party Risks and Compensation Act","_LegalActs","Source","","Singapore Statutes Online: Motor Vehicles (Third-Party Risks and Compensation) Act 1960 (https://sso.agc.gov.sg//Act/MVTPRCA1960) Retrieved 2 Jan 2024.",""
"18487163","Nurses and Midwives Act","_LegalActs","SN","","An Act to establish the Singapore Nursing Board, to provide for the registration and enrolment of nurses, the registration of midwives and the certification of Advanced Practice Nurses and for matters connected therewith.",""
"18487163","Nurses and Midwives Act","_LegalActs","Source","","Singapore Statutes Online: Nurses and Midwives Act 1999 (https://sso.agc.gov.sg/Act/NMA1999?) Retrieved 2 Jan 2024.",""
"18487182","Parking Places Act","_LegalActs","SN","","An Act relating to parking places and to address indiscriminate vehicle parking in public places because of shared mobility services.",""
"18487182","Parking Places Act","_LegalActs","Source","","Singapore Statutes Online: Parking Places Act 1974 (https://sso.agc.gov.sg/Act/PPA1974?) Retrieved 2 Jan 2024.",""
"19989181","Personal Data Protection Act","_LegalActs","SN","","An Act that comprises various requirements governing the collection, use, disclosure and care of personal data by organisations in Singapore. It also provides for the establishment and administration of a national Do Not Call Registry. The Act provisions is enforced by Personal Data Protection Commission.",""
"19989181","Personal Data Protection Act","_LegalActs","Source","","Singapore Statutes Online: Personal Data Protection Act 2012 (https://sso.agc.gov.sg/Act/PDPA2012) | Personal Data Protection Commission: PDPA Overview (https://www.pdpc.gov.sg/Overview-of-PDPA/The-Legislation/Personal-Data-Protection-Act) Retrieved 21 November 2023",""
"18487164","Pharmacists Registration Act","_LegalActs","SN","","An Act to establish the Singapore Pharmacy Council, to provide for the registration of pharmacists and for matters connected therewith.",""
"18487164","Pharmacists Registration Act","_LegalActs","Source","","Singapore Statutes Online: Pharmacists Registration Act 2007 (https://sso.agc.gov.sg/Act/PRA2007?) Retrieved 2 Jan 2024.",""
"18487165","Poisons Act","_LegalActs","SN","","An Act to regulate the importation, possession, manufacture, compounding, storage, transport and sale of poisons.",""
"18487165","Poisons Act","_LegalActs","Source","","Singapore Statutes Online: Poisons Act 1938 (https://sso.agc.gov.sg/Act/PA1938) Retrieved 2 Jan 2024.",""
"18487183","Prevention of Pollution of the Sea Act","_LegalActs","SN","","An Act to give effect to the International Convention for the Prevention of Pollution from Ships 1973 as modified and added to by the Protocol of 1978, and to other international agreements relating to the prevention, reduction and control of pollution of the sea and pollution from ships; to make provisions generally for the protection of the marine environment and for the prevention, reduction and control of pollution of the sea and pollution from ships.",""
"18487183","Prevention of Pollution of the Sea Act","_LegalActs","Source","","Singapore Statutes Online: Prevention of Pollution of the Sea Act (https://sso.agc.gov.sg/Act-Rev/PPSA1971/Published/19870330?) Retrieved 2 Jan 2024.",""
"18487166","Private Hospitals and Medical Clinic Act","_LegalActs","SN","","An Act to provide for the control, licensing and inspection of private hospitals, medical clinics, clinical laboratories and healthcare establishments, and for purposes connected therewith.",""
"18487166","Private Hospitals and Medical Clinic Act","_LegalActs","Source","","Singapore Statutes Online: Private Hospitals and Medical Clinics (Amendment) Act (Commencement) Notification 1999 (https://sso.agc.gov.sg//SL/S246-1999) Retrieved 2 Jan 2024.",""
"18487184","Public Transport Council Act","_LegalActs","SN","","An Act to provide for the establishment of the Public Transport Council to provide for the licensing of bus services, bus service operators and ticket payment services, to regulate bus, taxi and rapid transit system fares and for matters connected therewith.",""
"18487184","Public Transport Council Act","_LegalActs","Source","","Singapore Statutes Online: Public Transport Council Act 1987 (https://sso.agc.gov.sg/Act/PTCA1987?) Retrieved 3 Jan 2024.",""
"18487167","Radiation Protection Act","_LegalActs","SN","","An Act to control and regulate the import, export, manufacture, sale, disposal, transport, storage, possession and use of radioactive materials and irradiating apparatus, to make provision in relation to the non‑proliferation of nuclear weapons, to establish a system for the imposition and maintenance of nuclear safeguards, and to implement the Convention on the Physical Protection of Nuclear Material, and to provide for matters connected therewith.",""
"18487167","Radiation Protection Act","_LegalActs","Source","","Singapore Statutes Online: Radiation Protection Act 2007 (https://sso.agc.gov.sg/Act/RPA2007?) Retrieved 3 Jan 2024.",""
"18487185","Road Traffic Act","_LegalActs","SN","","An Act concerning the regulation of road traffic, the use of vehicles, road users, and for other purposes connected therewith.",""
"18487185","Road Traffic Act","_LegalActs","Source","","Singapore Statutes Online: Road Traffic Act 1961 (https://sso.agc.gov.sg/act/rta1961) Retrieved 3 Jan 2024.",""
"18487168","Sale of Drugs Act","_LegalActs","SN","","An Act to make better provision for the sale of drugs in a pure state.",""
"18487168","Sale of Drugs Act","_LegalActs","Source","","Singapore Statutes Online: Sale of Drugs Act 1914 (https://sso.agc.gov.sg/Act/SDA1914) Retrieved 3 Jan 2024.",""
"18487169","Singapore Red Cross Society Act","_LegalActs","SN","","An Act to incorporate the Singapore Red Cross Society.",""
"18487169","Singapore Red Cross Society Act","_LegalActs","Source","","Singapore Statutes Online: Singapore Red Cross Society Act 1973 (https://sso.agc.gov.sg/Act/SRCSA1973) Retrieved 3 Jan 2024.",""
"19990555","Smoking Control of Advertising and Sale of Tobacco Act","_LegalActs","Use","18487170","Tobacco (Control of Advertisements and Sale) Act 1993","_LegalActs"
"18487186","Street Works Act","_LegalActs","SN","","An Act relating to the construction, improvement, repair, maintenance and management of streets and back-lanes and other matters connected therewith, and the prevention of obstruction of five-footways and private footways.",""
"18487186","Street Works Act","_LegalActs","Source","","Singapore Statutes Online: Street Works Act 1995 (https://sso.agc.gov.sg/Act/SWA1995) Retrieved 3 Jan 2024.",""
"18487190","Tebrau and Scudai Water Agreement","_LegalActs","SN","","The agreement made in 1961 between the city council of the state of Singapore and the government of the state of Johor, gave Singapore the full and exclusive right to draw off all the water within the designated land at Gunong Pulai, Sungei Tebrau and Sungei Scudai for a period of 50 years up till 2011.",""
"18487190","Tebrau and Scudai Water Agreement","_LegalActs","Source","","Singapore Infopedia: Singapore-Malaysia water agreements (https://www.nlb.gov.sg/main/article-detail?cmsuuid=6b60db0e-95f5-4656-95e1-b1081ff83044) Retrieved 3 Jan 2024.",""
"18487171","Termination of Pregnancy Act","_LegalActs","SN","","An Act relating to termination of pregnancy by authorised medical practitioners and for matters connected therewith.",""
"18487171","Termination of Pregnancy Act","_LegalActs","Source","","Singapore Statutes Online: Termination of Pregnancy Act 1974 (https://sso.agc.gov.sg/Act/TPA1974) Retrieved 3 Jan 2024.",""
"18487170","Tobacco (Control of Advertisements and Sale) Act 1993","_LegalActs","SN","","An Act to prohibit advertisements relating to any tobacco product or its use, to control the use of tobacco products by young persons, to control the sale, packaging and trade description of tobacco products and for matters connected therewith.",""
"18487170","Tobacco (Control of Advertisements and Sale) Act 1993","_LegalActs","Source","","Singapore Statutes Online: (https://sso.agc.gov.sg/Act/TCASA1993) Retrieved 3 Jan 2024.",""
"18487170","Tobacco (Control of Advertisements and Sale) Act 1993","_LegalActs","UF","19990555","Smoking Control of Advertising and Sale of Tobacco Act","_LegalActs"
"18487187","Tokyo Convention Act","_LegalActs","SN","","An Act to give effect to the Convention on Offences and Certain Other Acts Committed on Board Aircraft, signed at Tokyo on 14 September 1963, and the Protocol to Amend the Convention on Offences and Certain Other Acts Committed on Board Aircraft, signed at Montreal on 4 April 2014, and for purposes connected with the Convention or Protocol.",""
"18487187","Tokyo Convention Act","_LegalActs","Source","","Singapore Statutes Online: Tokyo Convention Act 1971 (https://sso.agc.gov.sg/Act/TCA1971) Retrieved 3 Jan 2024.",""
"18487172","Traditional Chinese Medicine Practitioners Act","_LegalActs","SN","","An Act to provide for the registration of traditional Chinese medicine practitioners and for purposes connected therewith.",""
"18487172","Traditional Chinese Medicine Practitioners Act","_LegalActs","Source","","Singapore Statutes Online: Traditional Chinese Medicine Practitioners Act 2000 (https://sso.agc.gov.sg/Act/TCMPA2000) Retrieved 3 Jan 2024.",""
"18487173","Voluntary Sterilization Act","_LegalActs","SN","","An Act relating to treatment for voluntary sexual sterilization by registered medical practitioners and for matters connected therewith.",""
"18487173","Voluntary Sterilization Act","_LegalActs","Source","","Singapore Statutes Online: Voluntary Sterilisation Act 1974 (https://sso.agc.gov.sg/Act/VSA1974) Retrieved 3 Jan 2024.",""
"19990783","Weight and Measures Act","_LegalActs","SN","","An Act passed in 1975 relating to the use of uniform weights and measures throughout Singapore.",""
"19990783","Weight and Measures Act","_LegalActs","Source","","Singapore Statutes Online: Weights and Measures Act 1975 (https://sso.agc.gov.sg/Act/WMA1975) Retrieved 8 Jan 2024.",""
"20598312","Women's Charter 1961","_LegalActs","SN","","An Act to provide for monogamous marriages and for the solemnisation and registration of such marriages.",""
"20598312","Women's Charter 1961","_LegalActs","Source","","Singapore Statutes Online: Employment Act 1968 (https://sso.agc.gov.sg//Act/WC1961) Retrieved 5 July 2024",""
"20598312","Women's Charter 1961","_LegalActs","Wikidata URI","","http://www.wikidata.org/entity/Q8030847",""
