row_id,article_url,article_title,event_type,entity_name,entity_type,confidence
58_building_closed_or_ceased,https://www.channelnewsasia.com/dining/t2-tea-closing-singapore-outlets-5998191,Australian tea brand T2 Tea closing all outlets in Singapore,building closed or ceased operations,T2 Tea,FACILITY,high
76_event_launched,https://www.channelnewsasia.com/living/lego-shophouse-experience-design-orchard-5996196,Peranakan-themed Lego pop-up at Design Orchard offers stamp rally and free Lego sets,event launched,Lego Shophouse Experience,EVENT,high
78_law_enacted_or_amended,https://www.channelnewsasia.com/singapore/progressive-wage-model-increase-monthly-salaries-food-services-industry-5995666,Food services workers to receive further pay increases under Progressive Wage Model,law enacted or amended,Progressive Wage Model (PWM),LEGAL_ACT,high
92_programme_launched,https://www.channelnewsasia.com/cna-insider/thrive21-children-home-renting-flat-adulthood-absent-family-support-5993311,"Absent family support, they went from children’s home to rented flat. This is how they managed",programme launched,Thrive21+,PROGRAMME,high
155_organisation_launched,https://www.channelnewsasia.com/singapore/bluesg-car-sharing-flexar-relaunch-5983931,BlueSG to relaunch car-sharing service under new Flexar brand,organisation launched,Flexar,ORGANISATION,high
163_organisation_received_awa,https://www.channelnewsasia.com/dining/anto-best-pizza-singapore-la-bottega-fortuna-5981316,Anto has the best pizza in Singapore as 3 pizzerias make it to 50 Top Pizza’s Asia-Pacific 2026 list,organisation received award,Anto,ORGANISATION,high
170_event_launched,https://www.channelnewsasia.com/travel/disney-adventure-cruise-full-review-5980781,"I spent 5 days aboard the Disney Adventure cruise – a full review of rooms, rides, food and merch",event launched,Disney Adventure,EVENT,high
217_event_launched,https://www.channelnewsasia.com/singapore/ramadan-bazaars-heartland-stalls-crowds-community-5973556,"From Woodlands to Pasir Ris, heartland Ramadan bazaars bring festivities closer to residents",event launched,Ramadan bazaars,EVENT,high
230_building_opened,https://www.channelnewsasia.com/dining/jumboree-jumbo-food-hall-tai-seng-5970556,"Hungry in Tai Seng? Jumbo’s first food hall features well-loved brands, wines on tap, live bands",building opened,Jumboree,FACILITY,high
237_event_postponed_or_resche,https://www.channelnewsasia.com/singapore/jurong-region-line-jrl-mrt-stage-1-delay-jeffrey-siow-5969741,Jurong Region Line Stage 1 delayed six months to mid-2028; new station to be added,event postponed or rescheduled,Jurong Region Line (JRL),EVENT,high
244_programme_launched,https://www.channelnewsasia.com/singapore/new-large-bto-estates-earlier-access-amenties-services-5966596,"Residents in new large-scale BTO estates to get earlier access to amenities, services",programme launched,BTO Coordination Committee,PROGRAMME,high
257_building_opened,https://www.channelnewsasia.com/travel/disney-adventure-cruise-ship-singapore-robert-downey-jr-5968676,Disney Adventure 'godparent' Robert Downey Jr christens cruise ship in Singapore ahead of maiden voyage,building opened,Disney Adventure,FACILITY,high
260_organisation_dissolved_or,https://www.channelnewsasia.com/commentary/deliveroo-exit-singapore-surprise-food-delivery-5966191,Commentary: Why Deliveroo’s exit from Singapore isn’t quite a surprise,organisation dissolved or closed,Deliveroo,ORGANISATION,high
271_event_launched,https://www.channelnewsasia.com/living/minecraft-experience-villager-rescue-mandai-wildlife-reserve-singapore-5966021,Immersive Minecraft experience coming to Singapore in April where you can rescue a village from zombies,event launched,Minecraft Experience: Villager Rescue,EVENT,high
288_programme_launched,https://www.channelnewsasia.com/singapore/south-korea-artificial-intelligence-alliance-lee-jae-myung-5963446,Singapore and South Korea launch AI alliance,programme launched,Korea-Singapore AI alliance,PROGRAMME,high
289_programme_launched,https://www.channelnewsasia.com/singapore/critical-information-infrastructure-owners-government-proprietary-threat-detection-systems-5963256,Singapore to equip critical information infrastructure owners with proprietary threat detection systems,programme launched,Operation Cyber Guardian,PROGRAMME,high
348_organisation_dissolved_or,https://www.channelnewsasia.com/singapore/deliveroo-grab-foodpanda-food-delivery-platforms-analysts-5954751,"Deliveroo's Singapore exit may lead to higher fees, fewer discounts, analysts say",organisation dissolved or closed,Deliveroo,ORGANISATION,high
360_organisation_dissolved_or,https://www.channelnewsasia.com/singapore/deliveroo-shut-food-delivery-riders-fb-monopoly-5952481,"Food outlets unfazed by Deliveroo exit, but delivery riders fear less competition",organisation dissolved or closed,Deliveroo,ORGANISATION,high
369_organisation_dissolved_or,https://www.channelnewsasia.com/singapore/deliveroo-singapore-cease-operations-food-delivery-5951801,Deliveroo to cease operations in Singapore after Mar 4,organisation dissolved or closed,Deliveroo,ORGANISATION,high
370_building_opened,https://www.channelnewsasia.com/singapore/mandai-exploria-singapore-opening-ticket-prices-5951291,Mandai Exploria to open on Mar 3 as one of Southeast Asia’s largest indoor nature-themed attractions,building opened,Exploria,FACILITY,high
402_programme_launched,https://www.channelnewsasia.com/singapore/crow-shooting-resume-march-2026-nparks-mnd-chee-hong-tat-5946281,Crow shooting to resume in Singapore as attacks swell,programme launched,crow shooting operations,PROGRAMME,high
434_programme_ended_or_discon,https://www.channelnewsasia.com/singapore/nipah-virus-public-health-measures-ease-cda-feb-23-5942581,"Singapore to ease Nipah virus measures, stop airport temperature screening as India outbreak stabilises",programme ended or discontinued,Nipah virus temperature screenings,PROGRAMME,high
549_person_received_award,https://www.channelnewsasia.com/entertainment/shazza-mediacorp-berani-lakon-acting-competition-5922846,Singer-songwriter Shazza wins Mediacorp’s acting competition Berani Lakon!,person received award,Shazza,PERSON,high
559_person_appointed_or_elect,https://www.channelnewsasia.com/singapore/man-smear-luncheon-meat-dispute-neighbour-5922231,"Man smeared luncheon meat along HDB common corridor in dispute over 'noisy' kids, gets jail",person appointed or elected,Vikneswaran V Moganaval,PERSON,high
567_building_closed_or_ceased,https://www.channelnewsasia.com/dining/evas-pancake-closes-stall-after-6-years-5919441,"After 6 years, young hawker to close S$1.20 min jiang kueh stall in Geylang East",building closed or ceased operations,Eva's Pancake,FACILITY,high
607_person_received_award,https://www.channelnewsasia.com/singapore/veteran-news-presenter-pavalakantham-azhagarsamy-receives-lifetime-achievement-award-pradhana-vizha-5915436,Veteran news presenter Pavalakantham Azhagarsamy receives Lifetime Achievement Award at Pradhana Vizha,person received award,Pavalakantham Azhagarsamy,PERSON,high
673_building_closed_or_ceased,https://www.channelnewsasia.com/singapore/warong-nasi-pariaman-closure-not-high-rent-heritage-business-mnd-5903056,Closure of heritage eatery Warong Nasi Pariaman not due to high rent: MND,building closed or ceased operations,Warong Nasi Pariaman,FACILITY,high
675_building_closed_or_ceased,https://www.channelnewsasia.com/dining/lolla-restaurant-singapore-closure-5902766,"Singapore restaurant Lolla, once listed on Asia's Best Restaurants list, closing on Feb 14",building closed or ceased operations,Lolla,FACILITY,high
687_programme_launched,https://www.channelnewsasia.com/singapore/hdb-bto-project-lakeview-shunfu-launch-june-2026-5900146,First new HDB flats in Lakeview and Shunfu in over 40 years to go on sale from June,programme launched,Build-to-Order (BTO) projects,PROGRAMME,high
710_programme_launched,https://www.channelnewsasia.com/singapore/hdb-shorter-waiting-time-flats-february-bto-tampines-sembawang-5896126,"Around 1,300 shorter waiting time flats to be offered across three projects in February BTO sales exercise",programme launched,Build-to-Order (BTO),PROGRAMME,high
731_building_opened,https://www.channelnewsasia.com/living/tap-space-singapore-bus-mrt-merchandise-5875521,'I'm selling memories': How one Singaporean turned childhood bus dreams into a transport-themed shop,building opened,Tap Space,FACILITY,high
764_programme_launched,https://www.channelnewsasia.com/singapore/cda-monitoring-nipah-virus-infection-outbreak-india-5890681,Nipah virus: Singapore to conduct temperature screening at airport for flights from affected areas,programme launched,bio-surveillance programmes,PROGRAMME,high
782_building_opened,https://www.channelnewsasia.com/singapore/flock-kampong-java-arts-sandbox-5888221,New arts sandbox in Kampong Java offers artists space for experimentation,building opened,Flock,FACILITY,high
805_organisation_launched,https://www.channelnewsasia.com/dining/hooters-singapore-new-bistro-beans-barrels-5882751,Hooters Singapore managing director will open new bistro to keep long-serving staff employed after upcoming closure,organisation launched,Beans & Barrels,ORGANISATION,high
806_event_launched,https://www.channelnewsasia.com/living/philip-colbert-lobster-beach-sentosa-5882671,"Artist Philip Colbert talks Lobster Beach project at Sentosa, featuring 8m steel sculpture and giant inflatables",event launched,Lobster Beach,EVENT,high
822_organisation_launched,https://www.channelnewsasia.com/women/waktu-horology-singapore-first-malay-watch-brand-5854871,"Unable to find a watch inspired by Malay heritage, this 30-year-old Singaporean launched her own brand",organisation launched,Waktu Horology,ORGANISATION,high
830_building_closed_or_ceased,https://www.channelnewsasia.com/dining/warong-nasi-pariaman-customers-mourn-loss-authentic-nasi-padang-5873491,Warong Nasi Pariaman closing: Long-time customers mourn loss of 'authentic' nasi padang in Singapore,building closed or ceased operations,Warong Nasi Pariaman,FACILITY,high
904_organisation_dissolved_or,https://www.channelnewsasia.com/singapore/car-leasing-closures-autobahn-shariot-private-hire-drivers-5846441,More than 220 car leasing firms closed in 2025; some drivers left stranded amid industry upheaval,organisation dissolved or closed,Autobahn Rent A Car,ORGANISATION,high
927_building_opened,https://www.channelnewsasia.com/dining/elephant-grounds-cafe-in-singapore-5863026,Famous Hong Kong cafe Elephant Grounds is now in Singapore – here's what to expect,building opened,Elephant Grounds,FACILITY,high
966_person_died,https://www.channelnewsasia.com/singapore/zubeen-garg-singapore-coroner-inquiry-drunk-drown-life-jacket-5857566,Indian singer Zubeen Garg drowned near Lazarus Island after declining life jacket: Coroner's court,person died,Zubeen Garg,PERSON,high
968_building_opened,https://www.channelnewsasia.com/entertainment/filmhouse-new-independent-cinema-singapore-projector-5854986,New indie cinema Filmhouse takes over from The Projector – will Singapore give it a second chance?,building opened,Filmhouse,FACILITY,high
1039_programme_launched,https://www.channelnewsasia.com/singapore/hdb-bto-19600-launch-2026-including-more-4000-shorter-waiting-time-flats-5836161,"HDB to launch 19,600 BTO flats in 2026, including more than 4,000 shorter waiting time units",programme launched,Build-to-Order (BTO),PROGRAMME,high
1056_organisation_dissolved_or,https://www.channelnewsasia.com/singapore/autobahn-suspends-car-rental-business-private-hire-drivers-5831841,Autobahn Rent A Car suspends vehicle rental business as debts mount,organisation dissolved or closed,Autobahn Rent A Car,ORGANISATION,high
1059_programme_launched,https://www.channelnewsasia.com/singapore/grab-drone-food-deliveries-pilot-tanjong-rhu-5830541,Grab to launch drone delivery pilot in Tanjong Rhu,programme launched,three-month drone delivery pilot,PROGRAMME,high
1127_organisation_dissolved_or,https://www.channelnewsasia.com/singapore/shariot-vehicle-sharing-services-paused-business-restructuring-review-5771446,"Shariot pauses vehicle rental services, citing 'internal business restructuring and service review'",organisation dissolved or closed,Shariot,ORGANISATION,high
1168_programme_launched,https://www.channelnewsasia.com/entertainment/dylan-wang-singapore-tourism-board-collaboration-5726316,From capybara to basketball: Chinese actor-singer Dylan Wang promotes Singapore in STB video series,programme launched,three-part limited video series,PROGRAMME,high
1337_programme_launched,https://www.channelnewsasia.com/singapore/free-night-shuttle-clarke-quay-tampines-jurong-partying-clubbing-5580881,"Free Clarke Quay night shuttle: Partygoers hope for more stops, higher bus frequencies",programme launched,free night shuttle bus service,PROGRAMME,high
1358_programme_launched,https://www.channelnewsasia.com/singapore/hsa-uk-partnership-new-medical-innovations-benefits-patients-faster-5577621,New UK-Singapore partnership aims to bring new medical innovations to patients faster,programme launched,regulatory innovation corridor,PROGRAMME,high
1390_programme_launched,https://www.channelnewsasia.com/singapore/new-support-measures-grow-develop-social-service-workforce-5570321,"Expanded study awards, tuition sponsorship to grow and develop social service workforce",programme launched,Social Service Tribe Study Award,PROGRAMME,high
1398_building_closed_or_ceased,https://www.channelnewsasia.com/living/isetan-nex-closure-5569376,"Isetan Nex to close in April 2026, leaving Scotts as sole Isetan outlet in Singapore",building closed or ceased operations,Isetan store,FACILITY,high
1400_programme_launched,https://www.channelnewsasia.com/entertainment/mediacorp-wingman-dating-series-searching-applications-5569331,New Mediacorp reality dating series Wingman seeking applicants who are best friends,programme launched,Wingman,PROGRAMME,high
1414_programme_launched,https://www.channelnewsasia.com/living/cq-clarke-quay-free-shuttle-bus-service-5567201,"Free weekend late-night shuttle bus from Clarke Quay to 5 locations around town, plus rides to Tampines and Jurong",programme launched,CQ Night Shuttle,PROGRAMME,high
1434_programme_launched,https://www.channelnewsasia.com/entertainment/liang-po-po-2026-jack-neo-5560681,Jack Neo will reprise his role as the iconic Liang Po Po in a new movie in 2026,programme launched,Comedy Night,PROGRAMME,high
1446_building_closed_or_ceased,https://www.channelnewsasia.com/business/exxonmobil-wind-down-operations-steam-cracker-jurong-island-5544496,Exxon to permanently shut one steam cracker in Singapore from March: Sources,building closed or ceased operations,ExxonMobil steam cracker,FACILITY,high
1467_event_launched,https://www.channelnewsasia.com/entertainment/i-dle-singapore-concert-2026-5530816,K-pop group I-dle to stage Singapore concert in June 2026,event launched,Syncopation,EVENT,high
1486_building_opened,https://www.channelnewsasia.com/dining/chick-fil-singapore-bugis-menu-5525681,Sneak peek: What's on the menu at Chick-fil-A’s first Singapore store at Bugis+ opening Dec 11,building opened,Chick-fil-A,FACILITY,high
1571_programme_launched,https://www.channelnewsasia.com/singapore/rats-clementi-448-market-food-centre-cash-reward-experts-dispose-5486821,Clementi hawker centre stallholders call in experts to dispose of trapped rats,programme launched,cash-for-rats bounty,PROGRAMME,high
1594_building_opened,https://www.channelnewsasia.com/style-beauty/lee-byung-hun-bambam-singapore-jacob-co-5480251,"Squid Game's Lee Byung-hun, GOT7's BamBam attend opening of Singapore's first Jacob & Co boutique",building opened,Jacob & Co boutique,FACILITY,high
1604_organisation_launched,https://www.channelnewsasia.com/singapore/artificial-intelligence-race-about-solving-humanitys-challenges-google-deepmind-5481851,"Real AI race is about solving humanity’s biggest challenges, says Google DeepMind’s COO",organisation launched,Google DeepMind,ORGANISATION,high
1622_building_closed_or_ceased,https://www.channelnewsasia.com/dining/jeanette-aw-pastry-shop-closing-in-december-once-upon-time-5478666,Singaporean actress Jeanette Aw will close her pastry shop at Jalan Besar in December,building closed or ceased operations,Once Upon A Time patisserie,FACILITY,high
1628_programme_launched,https://www.channelnewsasia.com/singapore/sgx-nasdaq-tie-up-dual-listings-equities-stocks-shares-liquidity-capital-5476696,SGX tie-up with Nasdaq to streamline dual listings among moves to boost Singapore's equities market,programme launched,dual listing bridge,PROGRAMME,high
1633_event_launched,https://www.channelnewsasia.com/entertainment/skullpanda-showcase-singapore-national-museum-5476706,In pictures: Pop Mart's Skullpanda showcase at the National Museum of Singapore,event launched,Skullpanda Cage-Uncage Showcase,EVENT,high
1637_organisation_launched,https://www.channelnewsasia.com/singapore/google-deepmind-new-ai-research-lab-singapore-5476176,"Google DeepMind opens AI research lab in Singapore, its first in Southeast Asia",organisation launched,Google DeepMind,ORGANISATION,high
1713_building_completed,https://www.channelnewsasia.com/obsessions/multigenerational-home-in-singapore-where-privacy-and-togetherness-coexist-5447211,A multigenerational home in Singapore where privacy and togetherness coexist,building completed,Multi-Lineal,FACILITY,medium
1737_event_launched,https://www.channelnewsasia.com/dining/shane-pow-banana-bread-pop-up-cafe-clarke-quay-5461601,Shane Pow running pop-up cafe at Clarke Quay for 2 months selling his signature banana bread and more,event launched,Taiyo Camp Club,EVENT,high
1750_event_launched,https://www.channelnewsasia.com/entertainment/kpop-demon-hunters-popup-singapore-2025-5459691,KPop Demon Hunters Singapore pop-up: How to go and what to buy,event launched,KPop Demon Hunters immersive pop-up,EVENT,high
1771_programme_launched,https://www.channelnewsasia.com/singapore/centralised-training-centre-singapore-professional-esports-athletes-gaming-5457461,New centralised training centre for Singapore’s esports athletes set to launch next month,programme launched,centralised training centre,PROGRAMME,high
1836_building_opened,https://www.channelnewsasia.com/experiences/sia-silverkris-first-class-lounge-changi-airport-t2-5449166,Inside Singapore Airlines’ newly revamped SilverKris First Class Lounge at Changi Airport Terminal 2,building opened,First Class SilverKris Lounge,FACILITY,high
1851_programme_launched,https://www.channelnewsasia.com/singapore/msf-new-social-services-coordination-centre-megan-khung-desmond-lee-5446876,"Megan Khung fatal abuse case: MSF to set up social services coordination centre, strengthen oversight",programme launched,social services coordination centre,PROGRAMME,high
1857_law_enacted_or_amended,https://www.channelnewsasia.com/singapore/landmark-workplace-fairness-law-passed-take-effect-in-2027-5444626,"Landmark workplace fairness law passed, to take effect in 2027",law enacted or amended,Workplace Fairness (Dispute Resolution) Bill,LEGAL_ACT,high
1863_building_opened,https://www.channelnewsasia.com/dining/chick-fil-singapore-outlet-bugis-5443551,"Chick-fil-A's first Singapore outlet will be at Bugis, set to open in December",building opened,Chick-fil-A,FACILITY,high
1867_programme_ended_or_discon,https://www.channelnewsasia.com/singapore/30-30-food-sustainability-goal-replace-fibre-protein-5441756,Singapore replaces '30 by 30' food sustainability goal with targets for specific food categories,programme ended or discontinued,30 by 30,PROGRAMME,high
1874_event_launched,https://www.channelnewsasia.com/singapore/shingles-seniors-chickenpox-disease-awareness-5441981,Singapore’s first shingles awareness movement highlights growing risk for seniors,event launched,Shielding from Shingles,EVENT,high
1899_organisation_dissolved_or,https://www.channelnewsasia.com/singapore/twelve-cupcakes-closure-worker-salaries-mom-cpf-investigating-5438191,MOM investigating Twelve Cupcakes for potential breaches of Employment Act,organisation dissolved or closed,Twelve Cupcakes,ORGANISATION,high
1912_programme_launched,https://www.channelnewsasia.com/singapore/traffic-violation-enforcement-cameras-police-illegal-u-turn-road-safety-5435016,"New traffic cameras catch over 6,000 offences in first month, from illegal U-turns to stopping in yellow boxes",programme launched,traffic violation enforcement cameras,PROGRAMME,high
1914_event_launched,https://www.channelnewsasia.com/singapore/singapore-chile-new-zealand-green-economy-partnership-agreement-negotiations-5435151,"Singapore, Chile and New Zealand to begin negotiations for green economy agreement",event launched,Green Economy Partnership Agreement (GEPA),EVENT,high
1916_organisation_dissolved_or,https://www.channelnewsasia.com/singapore/twelve-cupcakes-staff-abrupt-closure-workers-5435486,"'Very, very unfair': Twelve Cupcakes staff blindsided by abrupt closure",organisation dissolved or closed,Twelve Cupcakes,ORGANISATION,high
1919_organisation_dissolved_or,https://www.channelnewsasia.com/singapore/twelve-cupcakes-workers-affected-sudden-notice-union-5434856,About 80 workers affected by Twelve Cupcakes’ closure; union says sudden notice 'unacceptable and unfair',organisation dissolved or closed,Twelve Cupcakes,ORGANISATION,high
1926_organisation_dissolved_or,https://www.channelnewsasia.com/dining/twelve-cupcakes-closure-provisional-liquidation-5434526,"Bakery chain Twelve Cupcakes ceases operations, now under provisional liquidation",organisation dissolved or closed,Twelve Cupcakes,ORGANISATION,high
1977_event_launched,https://www.channelnewsasia.com/entertainment/giant-delight-art-installation-2025-5426996,Giant Delight returns with large art installations all over heartland locations in Singapore,event launched,Giant Delight SG60 Edition,EVENT,high
2002_building_ownership_change,https://www.channelnewsasia.com/singapore/exxonmobil-esso-chandra-asri-petrol-stations-5423066,What the ExxonMobil-Chandra Asri deal means for Singapore petrol customers,building ownership changed or en bloc sale,Esso petrol stations,FACILITY,high
2016_programme_launched,https://www.channelnewsasia.com/singapore/avs-launches-public-consultation-veterinary-practice-bill-new-therapeutic-guidelines-5420041,AVS to launch public consultation on proposed Bill to uplift veterinary standards,programme launched,Veterinary Practice Bill,PROGRAMME,high
2029_programme_launched,https://www.channelnewsasia.com/singapore/cdc-job-matching-initiative-launched-heartland-lawrence-wong-employment-skillsfuture-5419531,"New job matching initiative launched to help workers find jobs nearer to home, in the community",programme launched,Jobs Nearby @ CDC initiative,PROGRAMME,high
2089_programme_ended_or_discon,https://www.channelnewsasia.com/singapore/marine-parade-free-shuttle-bus-contract-end-residents-upset-5406221,Marine Parade seniors lament end of 'short-lived' shuttle; MP says effort wasn’t wasted,programme ended or discontinued,free shuttle bus service,PROGRAMME,high
2104_building_opened,https://www.channelnewsasia.com/entertainment/dj-r3hab-singapore-chada-5405421,Popular DJ R3hab will be in Singapore on Oct 17 for opening of new nightclub Chada,building opened,Chada,FACILITY,high
2121_event_launched,https://www.channelnewsasia.com/entertainment/pop-mart-pop-land-bugis-pop-up-mokoko-5392121,Pop Mart launches first overseas Pop Land pop-up in Singapore with exclusive Mokoko merch,event launched,Pop Land pop-up,EVENT,high
2145_person_appointed_or_elect,https://www.channelnewsasia.com/singapore/baniyah-shap-jail-stab-husband-death-ang-mo-kio-5400211,"Woman who stabbed her husband in void deck scuffle, causing his death, gets jail",person appointed or elected,Baniyah Shap,PERSON,high
2151_programme_ended_or_discon,https://www.channelnewsasia.com/singapore/marine-parade-free-shuttle-bus-service-contract-end-5398791,Contract for Marine Parade free shuttle bus service set to end,programme ended or discontinued,Marine Parade free shuttle bus service,PROGRAMME,high
2152_building_opened,https://www.channelnewsasia.com/singapore/home-team-ai-robot-tech-autonomous-vehicles-htx-edwin-tong-5398176,First of its kind drone interceptor among new tech unveiled by Singapore’s Home Team,building opened,Garage@HTX,FACILITY,high
2166_programme_launched,https://www.channelnewsasia.com/singapore/hdb-october-bto-shorter-waiting-time-flats-bedok-yishun-sengkang-5394696,"About 3,300 flats with shorter waiting times to be launched for sale in October BTO exercise",programme launched,Single Room Shared Facilities pilot,PROGRAMME,high
2169_programme_launched,https://www.channelnewsasia.com/singapore/cdc-pa-peoples-association-job-matching-volunteerism-5395936,CDCs to take on bigger role; all five to roll out job-matching scheme by October,programme launched,Jobs Nearby @ CDC,PROGRAMME,high
2180_programme_launched,https://www.channelnewsasia.com/singapore/tcm-traditional-chinese-medicine-ttsh-ntu-partnership-inpatient-care-5394246,Tan Tock Seng Hospital partners NTU to bring traditional Chinese medicine into inpatient care,programme launched,TCM Integrative Sandbox Initiative,PROGRAMME,high
2196_programme_launched,https://www.channelnewsasia.com/singapore/scholarships-ground-led-initiatives-help-palestinians-shanmugam-5392141,Scholarships for students among ground-led initiatives to help Palestinians: Shanmugam,programme launched,Palestinian Scholarship Initiative (PSI),PROGRAMME,high
2239_programme_launched,https://www.channelnewsasia.com/singapore/banks-hold-reject-transfers-scam-cna-explains-5385921,CNA Explains: Banks could hold or stop transfers to fight fraud – what does it mean for customers?,programme launched,anti-scam measure,PROGRAMME,high
2268_organisation_dissolved_or,https://www.channelnewsasia.com/singapore/amazingtech-winding-up-application-granted-liquidation-tokenize-xchange-5383516,"AmazingTech, operator of defunct Tokenize Xchange, to be wound up, liquidators appointed",organisation dissolved or closed,AmazingTech,ORGANISATION,high
2273_law_enacted_or_amended,https://www.channelnewsasia.com/singapore/banks-hold-reject-transfers-anti-scam-measure-oct-15-5383281,"Banks may hold, reject some transfers if more than half of an account's balance is moved out",law enacted or amended,shared responsibility framework,LEGAL_ACT,medium
2282_organisation_received_awa,https://www.channelnewsasia.com/singapore/cna-w3-awards-gold-silver-podcast-mobile-site-social-5381886,"CNA claims honours for podcasts, videos, app at 2025 w3 Awards",organisation received award,CNA,ORGANISATION,high
2348_programme_launched,https://www.channelnewsasia.com/singapore/police-report-ai-chatbot-self-help-kiosks-spf-5374631,Singapore police to launch AI chatbot to assist public in lodging reports,programme launched,Report Lodging Co-Pilot,PROGRAMME,high
2371_organisation_received_awa,https://www.channelnewsasia.com/singapore/cna-daughters-putien-resurrection-quest-cannes-corporate-media-tv-awards-5371806,CNA clinches two golds at Cannes Corporate Media & TV Awards,organisation received award,CNA,ORGANISATION,high
2390_organisation_received_awa,https://www.channelnewsasia.com/singapore/walk-line-cna-nominated-international-emmy-5370496,CNA documentary Walk The Line nominated for an International Emmy,organisation received award,CNA,ORGANISATION,high
2408_programme_launched,https://www.channelnewsasia.com/singapore/mas-advisory-letters-content-creators-financial-advice-5367281,MAS issues advisory letters to five content creators who provided financial advice,programme launched,new guidelines,PROGRAMME,high
2419_programme_launched,https://www.channelnewsasia.com/singapore/halal-certificates-muis-digital-foreign-certification-bodies-5366086,New digital halal certificates with QR codes to roll out in Singapore from Oct 1,programme launched,digital certificates,PROGRAMME,high
2486_organisation_dissolved_or,https://www.channelnewsasia.com/cna-insider/singapore-food-beverage-eateries-closing-heritage-brands-rent-manpower-5357526,"Why are so many eateries in Singapore closing? Owners cite rent, manpower, competition",organisation dissolved or closed,Ka-Soh,ORGANISATION,high
2488_programme_launched,https://www.channelnewsasia.com/singapore/first-autonomous-shuttle-services-punggol-grab-comfortdelgro-5357911,First autonomous shuttle service in Punggol to open to public by second quarter of 2026,programme launched,autonomous shuttle service routes,PROGRAMME,high
2494_organisation_relocated,https://www.channelnewsasia.com/singapore/interpol-expansion-local-agencies-cybercrime-digital-enforcement-tools-5358141,"Interpol to expand presence in Singapore, partner local agencies to advance enforcement tools",organisation relocated,Interpol,ORGANISATION,high
2499_building_opened,https://www.channelnewsasia.com/style-beauty/carousell-luxury-centrepoint-opening-5357816,Carousell Luxury to open first physical store at The Centrepoint on Sep 23 with deals on pre-loved bags and more,building opened,Carousell Luxury,FACILITY,high
2503_programme_launched,https://www.channelnewsasia.com/singapore/comfortdelgro-hotline-bookings-sep-25-cross-border-services-5357471,ComfortDelGro to offer hotline bookings for doorstep pick-ups from Singapore to Johor Bahru from Sep 25,programme launched,cross-border taxi service hotline,PROGRAMME,high
2532_organisation_restructured,https://www.channelnewsasia.com/singapore/agoda-layoff-retrenchment-staff-travel-agency-severance-package-5353771,"Agoda confirms layoffs of Singapore, Shanghai and Budapest employees; affected staff say severance terms unfair",organisation restructured or rebranded,Agoda,ORGANISATION,high
2538_programme_launched,https://www.channelnewsasia.com/singapore/scam-mule-restrictions-banking-mobile-phone-services-line-subscription-5353531,"Scam mules may be blocked from accessing banking services, getting new mobile lines in clampdown",programme launched,restriction framework,PROGRAMME,medium
2539_person_resigned_or_retire,https://www.channelnewsasia.com/singapore/baihakki-khaizan-former-singapore-defender-resigns-fas-post-5353276,Ex-Singapore defender Baihakki Khaizan resigns from FAS,person resigned or retired,Baihakki Khaizan,PERSON,high
2544_person_appointed_or_elect,https://www.channelnewsasia.com/singapore/woman-fake-saf-bulk-order-scam-charged-5353236,Woman linked to fake SAF bulk order scams charged in court,person appointed or elected,Rajadi Rajasinghe Manamendra Patabadilage Vishwa Madavi,PERSON,high
2591_programme_launched,https://www.channelnewsasia.com/singapore/singapore-red-cross-fundraising-mfa-government-support-pakistan-floods-5345871,"Singapore government pledges US$50,000 for flood-hit Pakistan",programme launched,fundraising appeal,PROGRAMME,high
2617_programme_launched,https://www.channelnewsasia.com/singapore/judiciary-launch-ai-generation-summary-small-claims-tribunal-5341861,Judiciary to launch generative AI tool to summarise cases for small claims tribunals,programme launched,generative AI tool,PROGRAMME,high
2629_organisation_restructured,https://www.channelnewsasia.com/dining/artichoke-15-year-anniversary-pizza-5337461,‘I’m a cockroach’: How Bjorn Shen kept Artichoke alive 15 years – and defied haters with pizza,organisation restructured or rebranded,Artichoke,ORGANISATION,high
2654_organisation_dissolved_or,https://www.channelnewsasia.com/singapore/aupen-fashion-brand-layoff-notices-us-target-trademark-infringement-lawsuit-5313891,Celebrity-loved Singapore handbag brand Aupen issues layoff notices amid Target trademark issue,organisation dissolved or closed,Aupen,ORGANISATION,medium
2655_organisation_received_awa,https://www.channelnewsasia.com/singapore/stick-em-hult-foundation-s1-million-top-prize-seed-funding-singapore-startup-5338071,'Nobel Prize for students': Singapore startup wins US$1 million in seed funding after clinching top award,organisation received award,Stick 'Em,ORGANISATION,high
2704_building_opened,https://www.channelnewsasia.com/entertainment/mugiwara-store-one-piece-singapore-jewel-changi-airport-5329741,Singapore's first official One Piece Mugiwara Store opens at Jewel Changi Airport on Sep 12,building opened,Mugiwara Store,FACILITY,high
2709_programme_launched,https://www.channelnewsasia.com/singapore/white-flats-offered-first-mount-pleasant-housing-bto-project-in-october-5327776,‘White flats’ to be offered at first Mount Pleasant BTO project up for sale in October,programme launched,Mount Pleasant Crest,PROGRAMME,high
2732_person_appointed_or_elect,https://www.channelnewsasia.com/singapore/fas-new-general-secretary-lions-city-sailors-football-badri-ghent-5326546,FAS appoints Lion City Sailors' sporting director as new general secretary,person appointed or elected,Badri Ghent,PERSON,high
2749_event_launched,https://www.channelnewsasia.com/cna-insider/ann-siang-sounds-open-street-jam-sessions-uniting-singaporeans-5324996,"No tickets, no auditions, no gatekeeping: The open street jams putting people in one big band",event launched,Ann Siang Sounds,EVENT,high
2767_event_launched,https://www.channelnewsasia.com/entertainment/mediacorp-screen-awards-2025-winners-5323696,"Inaugural Mediacorp Screen Awards 2025 reveals winners, recognising behind-the-scenes talent",event launched,Mediacorp Screen Awards,EVENT,high
2784_programme_launched,https://www.channelnewsasia.com/cna-insider/producers-separation-declassified-secret-letters-retell-singapore-independence-malaysia-5319816,Producers of Separation: Declassified reveal what it took to retell Singapore’s split with Malaysia,programme launched,Separation: Declassified,PROGRAMME,high
2788_event_cancelled_or_discon,https://www.channelnewsasia.com/singapore/sammy-obeid-shows-cancelled-imda-censorship-allegations-5319851,Comedian Sammy Obeid alleges censorship as shows cancelled; IMDA cites late licence application,event cancelled or discontinued,Mr Sammy Obeid's shows,EVENT,high
2806_programme_launched,https://www.channelnewsasia.com/singapore/singapore-first-private-assisted-living-perennial-holdings-seniors-5317156,Singapore’s first private assisted living project targets upper middle class with 'five-star' services,programme launched,Perennial Living,PROGRAMME,high
2828_event_launched,https://www.channelnewsasia.com/singapore/dinosaurs-extinctions-us-science-centre-singapore-5316431,Science Centre Singapore's largest-ever dinosaur showcase features 33 rare fossils and 60 full-scale models,event launched,Dinosaurs | Extinctions | Us showcase,EVENT,high
2864_programme_launched,https://www.channelnewsasia.com/singapore/age-well-neighbourhoods-toa-payoh-home-personal-care-5311256,Permanent posts for home personal care planned to ease caregiver burden in ageing neighbourhoods,programme launched,Age Well Neighbourhoods,PROGRAMME,high
2952_programme_launched,https://www.channelnewsasia.com/commentary/age-well-neighbourhoods-ndr-2025-senior-care-snap-insight-5299651,Snap Insight: Ageing well is a challenge Singaporeans must take on together,programme launched,Age Well Neighbourhoods,PROGRAMME,high
2961_programme_launched,https://www.channelnewsasia.com/singapore/ndr-2025-kranji-sembawang-woodlands-north-homes-5298721,"NDR 2025: New homes, better connectivity for Kranji, Sembawang among plans to rejuvenate northern Singapore",programme launched,Draft Master Plan 2025,PROGRAMME,high
2962_programme_launched,https://www.channelnewsasia.com/singapore/age-well-neighbourhoods-toa-payoh-ageing-ndr-2025-5298726,NDR 2025: New Age Well Neighbourhoods initiative for seniors to start in Toa Payoh,programme launched,Age Well Neighbourhoods,PROGRAMME,high
2965_programme_launched,https://www.channelnewsasia.com/singapore/artificial-intelligence-ai-technology-jobs-ndr-2025-5298731,"NDR 2025: Singaporeans remain key priority as AI reshapes economy, says PM Wong",programme launched,job-matching initiative,PROGRAMME,high
